Hours Studied,Previous Scores,Extracurricular Activities,Sleep Hours,Sample Question Papers Practiced,Predicted Performance
7,99,1,9,1,91.83294432762995
8,51,1,7,2,45.139659195691486
8,91,0,4,5,84.29368323607235
5,79,0,7,8,65.531975852643
2,72,0,4,3,47.42518663496545
2,54,1,4,9,30.903133357476115
1,99,1,4,3,72.6256788284299
1,85,0,5,6,58.83080940861442
3,61,0,6,3,40.07411392477781
9,84,1,6,6,81.82245791224568
5,90,1,4,3,74.92999500403127
3,61,1,7,3,41.18019777078586
7,44,1,9,1,35.93698686568144
2,55,1,4,1,30.389051779661308
2,63,1,6,0,39.293463333889996
4,73,1,7,0,55.664521855451746
8,61,0,7,2,54.67917017292144
2,89,1,6,1,65.90830332554239
6,81,0,9,9,71.58397137037446
6,62,1,9,0,51.17618099442597
2,54,1,9,5,32.55141483333329
8,48,0,6,0,40.6021120142964
9,97,1,8,5,95.80832014483332
1,87,1,8,8,63.31745338737789
7,61,1,4,7,51.948230624616365
8,62,1,4,2,54.87077028852091
8,68,0,7,3,61.9844975868098
3,54,1,5,0,32.52689049548565
3,69,0,4,7,48.004233933855254
7,80,0,8,3,71.79994083222951
9,99,0,4,1,94.52155031386528
8,61,1,6,9,56.15894233519008
3,48,0,7,5,27.727628555936263
8,64,0,5,1,56.57135718271079
7,53,0,5,9,44.05980555464583
7,89,0,8,1,80.56395912490399
5,40,0,4,9,24.6398766260687
7,68,0,4,8,58.63016765901677
3,67,0,9,8,48.57641745929795
4,56,0,4,7,37.65519401928383
7,91,1,6,3,82.637135771067
9,89,1,5,3,85.84732573152706
4,54,0,7,5,36.68810121912889
7,96,0,5,3,86.61250260341788
8,96,0,8,9,92.07109363725499
6,59,1,4,9,47.43551143248256
8,48,0,5,4,40.884604404519614
1,72,0,7,0,45.43664579280638
4,77,1,8,6,61.36015464977395
2,53,1,8,9,31.817617087884706
3,56,0,5,7,35.27515563664206
1,96,0,8,6,71.4580813005644
1,72,1,5,7,46.43372448855492
8,40,1,7,7,34.91695002423091
2,45,1,4,3,20.60874335131504
5,72,1,8,1,58.184953499647754
1,69,1,9,8,45.50692441180575
5,49,0,6,5,33.9866889234117
7,58,1,6,2,48.90826482971206
8,62,0,6,8,56.36054562718808
1,43,0,6,4,16.246724248547636
8,58,0,5,1,50.47361636868006
4,66,0,4,5,47.43550244763008
6,73,0,8,7,62.58836389010839
1,95,0,8,6,70.4417911648926
9,77,1,9,1,75.20002504117429
6,46,1,9,7,36.25461407297811
3,65,0,4,4,43.36518399861061
4,48,0,5,1,28.85978761531465
2,55,1,6,7,32.50221749781644
8,93,0,7,2,87.20045451441874
7,49,1,7,3,40.43564353937186
4,47,1,5,1,28.466887859130814
5,87,0,5,3,71.740427684048
8,65,0,6,5,58.83552664164599
3,54,1,6,3,33.58347335456322
6,77,0,6,8,65.87943396394121
3,62,1,9,0,42.58798544694036
4,62,1,4,6,44.18502874861672
4,78,0,8,3,61.1791650134003
5,92,0,7,2,77.59596883126133
7,52,0,6,5,42.76102302875082
6,83,1,4,7,71.4438817602339
3,48,0,5,1,25.997055766152776
2,66,1,6,3,42.91622313346284
5,68,0,4,8,52.90470396069302
1,76,0,8,5,50.94098212294275
3,90,1,7,7,71.41779756201109
3,46,1,4,2,24.296468871962887
9,72,0,7,1,68.52979705028719
5,77,0,7,4,62.734209724556116
4,89,1,7,8,73.45553573968701
8,44,0,6,5,37.493433792538376
2,99,1,9,5,78.28447093856389
1,99,1,4,6,73.19956822098737
9,93,0,7,5,90.6370757561381
8,91,0,5,8,85.35026609514992
9,96,1,4,3,92.47866321470951
1,61,0,8,3,35.31403715949424
3,73,1,5,0,51.83640307324968
2,45,1,4,5,20.991336279686692
4,41,1,8,2,24.00852390884618
5,44,0,6,0,27.948755924123624
7,84,0,6,9,76.04749322699143
4,89,1,7,1,72.11646049038623
7,51,1,6,7,42.75071620093865
1,40,1,8,9,15.743113474989535
5,83,0,5,0,67.10137774880337
1,83,0,8,0,57.09853075171616
1,86,1,5,9,61.044379316331636
2,41,0,8,8,18.807448616149422
8,88,0,5,8,82.30139568813456
6,77,0,6,4,65.11424810719791
5,87,1,9,2,74.10329546543053
9,65,1,4,8,61.93015132981311
1,94,1,9,3,69.9576954826714
5,56,1,5,2,40.667527393524644
1,99,1,4,6,73.19956822098737
5,62,1,7,2,47.730655140595566
7,85,0,9,8,78.32056729803767
3,82,0,6,2,61.2249103096996
5,89,0,7,4,74.92969135261762
1,44,1,7,3,18.17780176604166
3,89,0,8,7,70.26081051337144
3,63,1,6,8,43.68656689653847
1,77,1,4,1,49.88470291527883
1,42,1,8,4,16.819211425403992
3,80,0,7,3,59.86631996906193
8,88,0,9,2,83.08439076909997
2,81,0,6,1,57.15459186068011
9,50,1,9,9,49.290563091522536
5,81,0,6,5,66.50797326490903
9,86,1,6,9,84.42892757614672
9,88,1,5,4,85.0223320600411
3,76,1,5,9,56.606941657937476
7,79,1,9,4,72.0810310067516
1,99,0,7,5,73.83296177687387
9,98,0,6,7,95.61842589634864
4,40,1,6,5,22.600736232691666
3,75,1,5,8,55.39935505807987
9,44,0,5,1,39.108286318436846
5,59,0,5,1,42.90171095686622
3,76,1,5,6,56.03305226538
4,87,1,5,1,69.11849328600246
5,40,1,7,8,26.520050940931114
5,70,0,7,4,55.62017877485358
9,90,0,5,8,87.19670780864001
2,44,1,6,4,20.749136612869265
6,40,1,4,0,26.404330677046104
3,64,1,9,1,44.81186218246976
1,43,1,7,4,17.35280809455569
4,91,0,9,5,75.25622317202533
4,45,0,6,8,27.63268592412014
6,95,0,8,7,84.9467468748878
7,85,1,9,4,78.17877182078234
3,72,1,8,3,52.842082729695655
8,54,0,6,6,47.8476316134421
7,75,0,8,6,67.29237954642804
1,53,1,8,5,28.189699381979523
3,95,1,4,2,74.09468551988064
1,53,1,6,2,26.65042305638186
9,42,1,8,0,38.955880361955685
5,89,1,6,7,75.64427765814298
5,61,0,8,1,46.38237162777008
5,74,0,5,3,58.528655920314726
4,80,0,5,5,62.146257813555245
2,52,1,7,8,30.127337021506996
9,74,1,8,6,72.62494348856794
1,90,1,5,5,64.34435400227551
1,71,0,7,9,46.14202383480701
9,58,0,6,4,54.39293107691949
8,93,1,6,2,87.34115142738662
9,52,0,4,5,47.52109979403439
9,64,0,6,1,59.91678249839277
2,42,0,8,9,20.01503521600703
6,59,1,4,1,45.90513971899596
1,71,1,9,6,47.156911754777674
5,87,0,9,7,74.43638740687169
7,89,0,9,4,81.62054198398155
6,52,1,6,6,40.71297802326273
3,67,1,8,6,48.33452144389417
5,60,0,9,0,45.657478494432546
5,99,0,7,5,85.28388917352135
3,66,0,9,7,47.36883085944033
1,99,1,9,8,75.99562848195947
1,99,1,9,3,75.03914616103035
2,68,0,7,1,44.425513563466914
1,59,0,4,8,32.307165342999404
5,91,1,4,8,76.90276746063219
7,54,1,4,5,44.451606746542176
2,95,0,9,7,73.97851294476041
3,56,1,7,6,36.67263648498437
4,50,1,6,7,33.14623051778123
6,44,1,7,3,32.49146101185104
1,65,0,8,2,39.18790123799558
5,47,0,4,9,31.75390757577123
5,95,0,9,1,81.41892970713107
2,80,1,5,0,56.08770217379034
3,95,1,5,1,74.3860825222149
7,75,0,8,1,66.33589722549891
8,55,1,5,9,49.57850805463924
3,75,1,5,7,55.208058593894044
5,53,0,8,8,39.591125791696534
5,95,1,8,1,81.55962662009895
9,84,1,8,8,83.17043777365751
9,72,0,7,6,69.48627937121631
6,55,1,6,6,43.761848430278114
8,45,0,4,8,38.11822638772744
3,42,0,9,3,22.21268174657405
8,51,1,6,8,45.80474451428635
2,72,0,9,1,49.45606103919426
8,70,0,8,3,64.49977132467347
7,66,1,8,7,58.960455169055685
9,41,1,8,5,38.896072547213016
7,51,1,8,5,43.333510205607176
5,61,0,7,0,45.70838169706416
6,76,0,8,2,64.68075197619464
1,71,1,6,5,45.51753489103158
2,63,1,9,4,41.506729590193565
4,92,0,8,2,75.21593044861956
6,82,0,4,6,69.61290478088833
6,57,0,9,2,45.853932864950714
4,66,0,8,6,49.55757277789629
8,55,0,5,1,47.42474596166468
9,57,1,4,8,53.79983024443877
1,42,1,8,1,16.245322032846516
6,93,0,5,5,81.08349327561228
6,55,1,9,1,44.253446508909256
6,45,1,5,3,32.542364214482625
7,90,0,8,2,81.77154572476158
8,89,1,5,8,83.9410762032943
7,53,0,9,1,44.4602077072396
8,86,1,5,9,81.08350226046474
5,87,1,6,7,73.61169738679939
6,44,0,9,8,33.789939886332384
1,71,1,6,6,45.708831355217406
6,92,1,9,4,82.43007092132302
3,45,1,7,4,25.110852064223025
3,64,1,4,7,43.54617363498425
4,48,0,9,4,31.3644508739525
6,82,0,6,7,70.76958817811433
4,75,0,6,5,57.547500601716415
2,92,0,9,0,69.59056728844425
9,92,0,5,2,88.08150929486865
2,47,0,8,6,24.522596501808515
8,88,1,5,2,81.77700728250755
2,66,0,8,6,43.83210907957254
3,58,1,6,1,37.266040968878734
1,64,0,6,9,38.545299418584385
6,60,0,5,2,46.97202940588571
8,63,1,9,5,58.87441714935063
9,63,0,9,3,60.731165690652894
3,99,0,9,0,79.56733008730868
5,58,1,4,5,42.791303590905606
8,67,0,6,3,60.48551398461792
3,79,1,9,5,60.82140007428993
6,81,0,9,5,70.81878551363116
1,86,0,7,4,60.429893548954745
1,52,1,9,7,28.038695641199475
8,85,1,6,3,79.40212680619811
6,88,0,6,5,76.48473606377343
3,90,1,5,6,70.26111416478508
4,78,0,7,7,61.46165740362351
1,47,0,9,0,20.994779334051785
4,49,0,8,5,32.089344007290016
2,46,0,5,0,20.9104471814615
1,92,1,6,8,67.43351713269666
6,76,1,6,4,64.72134835101409
4,66,0,4,0,46.47902012670095
4,96,1,7,7,80.37827022520372
2,66,1,5,0,41.859640274385264
6,81,1,8,5,70.95948242659904
8,66,0,6,8,60.42570616987525
7,42,0,5,7,32.49802113388447
8,67,1,5,3,60.62621089758577
4,69,0,5,7,51.349659249537204
8,93,0,9,0,87.78324851908727
7,68,0,9,6,60.66104206324558
9,52,0,5,9,48.76897911729778
1,42,1,6,3,15.66252802817798
6,41,0,9,8,30.741069479317012
8,77,1,5,2,70.59781579011786
9,71,0,5,7,67.69589876669016
4,52,0,9,5,35.62090788082548
2,98,0,8,0,75.2056146359549
1,67,1,8,0,41.461278960455466
6,99,0,6,4,87.47263109197732
1,96,0,7,1,70.01890551311519
1,96,1,5,6,70.63339128049208
1,87,0,6,6,61.3460831464781
1,59,1,7,9,34.569932586233485
8,52,0,7,1,45.3412624876895
3,86,0,4,8,65.47246270446152
2,83,1,4,5,59.61036143521475
1,53,1,7,5,27.707005915459433
2,91,1,7,7,69.57135584852102
7,49,0,9,1,40.39504716455243
7,64,1,6,7,55.96248796467193
3,89,1,9,2,70.41041203845037
8,81,0,5,2,74.03958595331707
7,65,0,5,9,56.25528718270731
6,75,0,7,7,64.13825069493188
5,55,1,6,8,41.28170950948789
7,87,0,8,6,79.48786117448952
5,99,0,6,3,84.4186027786296
1,46,0,6,6,19.678187583934665
5,90,0,8,2,76.04608202643783
4,40,1,8,4,23.374826701546034
4,74,0,7,3,56.63131100419306
8,62,0,9,9,57.99992249093419
1,46,1,6,4,19.918985035050973
2,91,1,8,0,68.71497406574034
8,75,1,7,4,69.91321538018613
2,59,0,5,6,35.26999773030973
9,63,1,8,1,60.48926967524911
5,88,0,7,3,73.72210475276
6,78,1,5,1,65.69734576328008
2,77,0,7,9,55.10249649799963
5,76,1,6,5,62.04991296603803
5,51,1,7,1,36.36016718402005
9,56,0,4,4,51.39496387253572
5,46,0,4,6,30.163728047541973
2,77,1,6,9,55.2431934109675
6,42,0,6,8,30.30927921542851
5,70,1,9,0,56.44377023063843
4,82,1,7,4,65.57631893324117
6,68,0,6,3,55.77634042196596
6,93,0,6,2,80.9922973495749
5,81,1,4,0,65.20949439042766
4,78,0,9,6,62.235747872477866
3,93,0,8,4,73.75208166350112
4,92,0,4,5,73.85904597509668
8,76,1,5,4,69.96411858281772
7,91,0,9,9,84.60960457625424
2,74,0,5,2,49.74916390864329
5,48,0,5,5,32.48770532121983
3,58,0,7,0,36.934047591725054
8,75,0,9,8,71.02039779048164
1,46,0,9,8,21.5088609118666
8,99,1,8,9,95.74335442375835
7,51,1,4,8,41.97662573208428
6,58,1,4,2,45.08014604750999
7,41,1,6,6,32.39651838003491
7,69,1,6,9,61.42653157140254
1,81,0,4,6,54.282955399407165
8,44,0,8,0,37.50233840464943
2,60,0,8,9,38.30825765809927
8,59,1,7,9,54.6090555303666
7,47,0,5,5,37.19687888387178
8,51,0,8,4,45.38155521109527
1,60,1,4,3,32.99036353723003
4,69,1,7,6,52.747140097879544
6,66,1,8,8,56.289019784079635
2,65,1,9,1,42.96542046897968
7,65,1,9,6,58.23556203571817
3,75,1,9,3,56.373646603231116
2,79,0,6,3,55.50460451770818
2,98,1,6,3,75.43750747496017
7,89,0,5,1,79.11587872534369
1,50,1,7,6,24.84943197262988
9,41,1,8,1,38.130886690469715
8,40,1,6,7,34.43425655771082
9,83,0,9,7,81.82215426083201
4,93,1,4,0,74.54224416932729
2,69,0,8,0,45.733200701472974
2,74,0,5,1,49.557867444457465
5,97,1,7,3,83.49210635329408
5,45,0,5,6,29.630131378390274
9,82,0,7,3,79.07529133537676
9,43,1,8,8,41.50254221111407
8,84,0,5,8,78.23623514544738
4,49,1,7,0,31.27355859932876
3,84,1,4,6,63.680679884234245
6,85,0,4,3,72.08788579534621
6,60,1,6,8,49.22589203700871
7,49,0,6,6,39.903449085921274
1,95,1,8,1,70.10869922345145
2,78,1,8,4,56.26838815875035
1,93,0,6,2,66.67863810376554
3,80,0,7,7,60.63150582580523
9,43,1,9,8,41.98523567763417
4,90,0,8,0,72.80075724890432
5,91,1,7,7,78.15955139600663
9,78,1,8,3,76.11621463869764
3,47,1,4,7,26.2692413285638
9,67,0,4,4,62.574155364925424
8,94,1,5,7,88.83123041746742
8,73,0,4,9,66.76564665072343
2,65,1,7,4,42.57392292849698
8,76,0,9,3,71.08020560522431
8,53,1,6,3,46.8808424647008
9,56,0,4,3,51.203667408349894
7,79,0,9,0,70.69245477052033
5,58,0,6,3,42.75070721608618
9,76,1,8,1,73.7010414389824
5,41,0,7,2,25.765171912
2,49,0,6,3,25.015900447554436
6,74,0,8,9,63.987246954151836
7,63,0,6,1,53.175028664397225
9,56,1,5,4,52.50104771854378
2,79,0,8,5,56.85258437912001
6,41,1,4,7,28.759696062018676
4,45,0,5,4,26.38480660085675
4,60,1,8,2,43.318036486610204
1,94,1,4,7,68.30941400681422
1,68,0,6,8,42.41916349708573
6,46,0,6,2,33.226660973000726
3,72,1,9,2,53.13347973202992
6,87,0,7,1,75.18595353787842
2,92,1,5,9,70.00485197952426
2,63,1,6,7,40.63253858319077
4,65,0,4,4,46.227915847772486
1,86,0,5,4,59.46450661591455
7,99,1,8,8,92.68932611041063
4,41,0,7,4,23.285032991209775
3,60,1,8,1,40.2640081732625
3,53,0,6,5,32.32638576777513
1,81,1,6,7,56.06302917612114
2,83,1,9,1,61.25864291107191
8,58,0,6,6,51.91279215612928
5,84,1,6,8,70.75412344396983
2,52,1,8,9,30.80132695221291
3,61,0,6,6,40.64800331733529
3,95,0,6,1,74.24538560924705
7,83,1,5,6,74.59801061173002
1,99,0,9,7,75.1809416382857
9,74,1,7,9,72.71613941460532
1,53,1,9,5,28.67239284849962
6,52,1,7,5,41.00437502559701
6,86,0,7,2,74.36095986639245
1,53,0,5,0,25.161746282002163
2,90,0,8,1,67.2665900147664
9,75,1,6,7,72.86714315538538
6,40,1,4,9,28.12599885471853
2,92,1,7,4,70.01375659163534
8,50,1,4,5,43.249178053016884
3,66,0,8,8,47.077433857106065
9,61,1,9,9,60.46975458391223
9,85,1,7,6,83.32144151443757
9,88,1,8,5,86.66170892378719
2,85,1,9,1,63.2912231824155
8,49,0,5,6,42.28348746856306
8,63,1,5,0,55.98716096234113
4,48,1,9,6,32.37043418181211
4,56,1,5,1,37.61349908017694
6,77,0,6,4,65.11424810719791
6,79,0,8,3,67.92091884739585
6,76,1,5,7,64.81254427705144
7,45,0,8,4,36.421082547902635
9,60,1,9,7,59.07087151986878
3,75,0,8,1,54.88496982885142
4,75,0,9,9,59.760766858019984
8,64,0,5,7,57.71913596782574
7,50,0,7,7,41.593729152298984
3,84,0,6,6,64.02267643778649
3,87,1,8,5,68.46902769314417
1,96,0,7,5,70.78409136985849
4,75,1,9,7,60.00156430913629
4,42,1,7,0,24.15952764962622
2,48,0,7,1,24.099710850031094
4,47,0,6,0,28.13489448197712
6,77,1,8,9,67.65950774065519
7,43,1,9,2,35.11199319419547
5,81,1,5,3,66.26607724950523
5,43,0,7,9,29.136827432644353
8,83,0,9,5,78.5768294832985
9,43,0,4,4,38.18319210880244
8,48,1,4,0,40.26011546074418
4,51,1,9,0,34.27152580371253
7,94,0,9,1,86.12810326978303
4,47,1,8,9,31.4453399721777
4,59,1,8,2,42.30174635093841
9,78,1,6,7,75.91601356240076
5,74,1,6,5,60.01733269469445
1,88,1,4,5,61.829080264411836
8,96,1,5,9,91.24640361718266
4,98,1,9,6,83.18494096540167
2,95,0,4,2,70.60856329123081
9,46,1,4,2,41.47285996693413
5,70,0,4,4,54.172098375293295
4,57,1,9,4,41.13445247448657
7,53,0,6,8,44.35120255698009
3,78,1,6,9,59.12221539580117
5,98,1,8,7,85.75627581222926
3,76,1,9,8,58.34641905983202
5,48,0,9,3,34.03588625892855
8,59,0,4,9,52.53758475131834
9,96,0,6,8,93.77714208919087
2,67,1,7,2,44.2239102714689
7,92,0,9,1,84.09552299843944
6,66,1,6,3,54.36715053011033
4,47,0,8,6,30.248060200132265
7,96,1,7,2,88.0099834517602
8,71,0,9,6,66.57264431942284
5,48,1,7,7,34.45907556211963
6,69,0,9,7,59.00589681394133
7,40,1,4,8,30.797434239694574
1,44,0,8,6,18.610994245631268
8,74,1,5,6,68.31413123984578
8,53,0,7,5,47.122738480104594
4,69,0,4,0,49.52789053371634
1,43,0,9,0,16.929618791364618
1,46,1,5,5,19.62758803271671
9,52,1,7,6,49.78386703726846
9,43,1,6,8,40.53715527807389
9,82,0,6,5,78.97519079722832
2,75,0,6,0,50.86555458246354
3,47,0,9,2,27.10283596074718
6,71,0,7,9,60.455683080616375
2,81,0,7,2,57.82858179138602
7,65,0,8,0,55.98169940459517
5,81,1,5,1,65.88348432113358
3,86,1,6,9,67.2525364811755
9,57,1,8,7,55.53930764633332
3,97,0,7,9,78.29103106059733
5,83,1,7,0,68.69015506133152
8,96,0,9,5,91.78860124703178
6,40,1,6,2,27.75231053845794
5,87,1,9,5,74.67718485798801
4,67,0,7,3,49.51728005449052
6,44,1,5,6,32.09996347136832
4,40,1,6,6,22.79203269687749
4,97,1,8,0,80.53817857809483
2,92,0,4,1,67.36839642002963
9,92,1,7,3,89.86158307158263
7,94,0,5,5,84.96251526044594
7,65,1,7,0,56.12239631756304
8,46,0,9,5,40.974094463442235
8,94,1,6,4,88.74003449143007
4,91,0,9,7,75.63881610039698
7,65,0,5,8,56.06399071852149
4,53,1,5,4,35.13851806571905
7,47,0,8,5,38.64495928343205
1,67,0,4,6,40.05489350000209
1,96,0,8,7,71.64937776475023
6,58,1,4,8,46.22792483262494
3,71,1,4,5,50.27761165631514
2,62,1,9,4,40.490439454521784
1,56,0,6,2,29.075903083909274
3,77,0,5,4,56.04335909319219
4,61,1,7,5,44.425522548319385
7,87,0,7,8,79.38776063634108
8,90,1,7,2,84.77497448689132
1,52,1,7,0,25.73423345885851
9,91,1,7,1,88.46270000753918
6,62,1,9,2,51.55877392279762
7,51,1,5,0,40.92894748511778
2,57,0,6,2,32.95492506874293
6,97,0,9,3,86.69683475600817
2,53,0,5,2,28.40707105953569
6,97,1,9,7,88.08541099223945
9,77,0,9,0,74.38533819750049
9,97,1,4,0,92.9210639578238
7,96,1,9,1,88.78407392061456
8,91,1,7,2,85.79126462256312
7,71,0,9,4,63.3273195418893
9,96,0,6,9,93.9684385533767
4,73,1,4,3,54.79033084844894
6,53,0,9,2,41.78877232226355
2,83,1,4,1,58.84517557847145
8,56,0,9,3,50.754402891788494
5,54,1,9,9,41.9047962375622
2,71,1,8,8,49.91954306579111
4,52,1,5,1,33.54833853748978
1,60,1,7,8,35.39492625771944
2,79,1,7,9,57.75846714883118
9,96,1,8,9,95.55721586590485
9,55,0,7,7,52.400643528981696
7,70,1,9,6,63.317012714077116
6,75,1,4,1,62.16578188974463
6,99,1,6,4,88.09602147146529
7,84,0,7,0,74.8085185158391
3,51,1,7,6,31.591185806625425
2,95,1,9,7,74.60190332424835
4,43,0,7,1,24.743723869995875
9,67,1,7,1,64.07173675141618
4,81,0,7,5,64.12793488226725
3,49,0,9,5,29.709305624648238
2,80,1,7,2,57.435682035202184
9,88,0,5,6,84.78153460892477
3,41,0,6,5,20.13090413971363
3,67,0,4,3,45.20646780576836
1,92,1,4,6,66.08553727128484
4,50,0,5,6,31.848850207587354
6,98,0,8,2,87.03913496097405
7,41,1,6,8,32.77911130840656
4,80,1,9,8,65.27431145168106
7,73,1,4,2,63.187229931748725
5,92,1,4,6,77.53646466793234
7,61,0,5,0,50.46845846234772
5,62,1,6,1,47.05666520988965
6,58,1,8,1,46.81962344940455
5,87,1,6,3,72.84651153005609
5,71,1,4,5,56.00307535463889
4,86,0,7,3,68.82679263225455
5,78,1,7,4,64.37389023971588
4,96,1,8,0,79.52188844242303
7,74,1,5,2,64.68621353394062
6,53,0,5,6,40.623184312926476
9,78,0,7,4,75.2014272568754
5,87,1,6,7,73.61169738679939
8,98,1,5,9,93.27898388852626
1,48,1,7,3,22.242962308728828
8,56,0,4,5,48.72352848755968
7,56,0,8,4,47.600274040292355
8,98,0,4,9,92.1729000425182
4,77,1,9,7,62.03414458047987
7,85,0,8,8,77.83787383151758
3,69,0,4,2,47.04775161292613
5,66,1,4,7,51.304217604651576
2,55,1,6,5,32.11962456944479
1,62,1,7,3,36.47102420813389
9,61,0,4,8,57.24160040763798
2,66,0,4,3,41.32744582093469
5,41,0,4,8,25.46487029755467
2,65,0,7,2,41.56793962063737
6,67,1,5,2,54.70945073507621
5,58,1,7,2,43.66549459790841
2,59,0,7,5,36.04408819916409
7,69,0,5,3,59.17266894027953
4,42,0,6,0,23.053443803618165
4,85,0,5,3,66.84511556354258
1,78,0,8,0,52.017080073357214
9,67,1,7,4,64.64562614397366
2,90,0,6,0,66.10990661754039
5,96,0,7,7,82.61761169487764
6,59,1,7,9,48.883591832042846
5,73,1,7,5,59.48373602554275
4,97,0,7,7,80.77116998138754
8,73,0,4,1,65.23527493723682
7,92,0,6,4,83.22133199143664
8,59,0,9,0,53.22938390624639
5,94,1,8,9,82.07370819791376
7,58,0,8,6,50.01544724000758
2,84,1,8,0,61.60094311603779
6,43,1,6,8,31.948959730588264
2,94,1,5,2,70.69835700156708
8,86,1,8,8,82.34028619583921
3,72,0,6,5,51.63589834553917
5,41,1,9,6,28.119135081271445
4,81,0,7,9,64.89312073901056
4,64,1,9,8,49.01366928093241
6,54,1,8,7,43.90224169183232
3,63,0,6,1,41.72410126774974
6,70,0,7,7,59.05680001657293
7,45,1,7,2,36.17918653249887
4,57,1,7,2,39.78647261307474
4,90,1,9,8,75.43721280839898
7,55,1,7,1,46.15079142503095
4,66,0,8,0,48.40979399278134
8,85,0,6,9,79.92651521182512
2,49,0,4,8,25.00699583544337
5,62,0,6,9,47.96364654388828
4,52,0,4,1,32.442254691481715
2,61,1,9,9,40.430631639779115
9,62,1,7,5,59.75547192980053
1,74,0,4,1,46.2124421287755
1,42,1,9,7,17.875794284481564
6,41,1,6,0,28.386007745758086
1,88,0,5,9,62.45356920818727
3,71,1,5,9,51.52549097957853
5,72,0,7,0,56.88757318945387
5,55,1,4,9,40.50761904063352
4,95,1,9,5,79.94477409420045
3,95,1,4,9,75.43376076918142
1,41,1,8,8,16.568107146475505
8,53,0,8,2,47.03154255406721
4,95,0,9,6,79.51268017889834
9,94,1,7,5,92.27675627129784
7,69,1,5,8,60.75254164069661
6,59,1,4,5,46.67032557573926
6,95,0,6,9,84.36395287021926
9,70,1,8,2,67.79459708913748
8,46,0,9,0,40.01761214251311
4,94,1,8,3,78.06319756363692
7,52,0,4,4,41.604339631524816
7,89,1,4,5,80.02176149505488
8,95,1,9,6,91.58699795503378
5,91,0,9,4,77.92765855700137
5,43,1,7,0,28.038549634459883
7,54,1,7,1,45.13450128935916
3,91,1,8,5,72.53418823583132
9,47,0,5,2,42.34845318963806
2,93,0,6,4,69.92396288129908
7,48,0,9,1,39.378757028880635
6,96,1,5,9,85.52093991885894
7,74,1,8,7,67.09077625443001
1,91,0,6,1,64.45476136823615
7,58,1,6,4,49.29085775808371
6,87,1,6,1,75.3266504508463
6,91,0,6,2,78.95971707823134
1,40,0,9,6,15.028527169464198
6,90,0,5,4,77.84332640441107
4,79,0,4,4,60.45597774717756
2,93,1,4,2,69.19937339937519
3,43,1,5,5,22.30418132402508
9,57,0,7,9,54.81581672869692
2,60,0,8,2,36.969182408798495
5,40,0,4,5,23.874690769325397
3,75,0,6,5,54.68476875255454
8,47,0,4,9,40.342103123256855
8,66,0,6,9,60.61700263406107
2,58,0,6,9,35.3102904537155
8,91,0,7,1,84.97657777888935
5,80,1,5,6,65.82367650639091
4,50,1,7,3,32.86373812755803
7,60,0,7,8,51.94792697320272
6,46,1,9,5,35.87202114460646
3,62,0,5,6,41.18159998648698
9,76,1,8,1,73.7010414389824
2,72,1,8,4,50.170647344719605
9,54,1,5,7,51.04235683975768
2,42,1,9,4,20.164636741085964
8,92,0,6,7,86.65795323315601
6,41,0,8,8,30.25837601279691
3,80,1,7,0,59.91582095599241
3,40,1,9,9,21.951270639833382
9,47,1,7,1,43.74593403798037
6,86,1,7,9,76.3234254951812
5,74,1,7,1,59.73484030447124
1,99,0,7,3,73.45036884850222
4,84,0,5,3,65.82882542787078
2,83,0,7,6,60.6263479194729
4,83,1,5,4,65.62722213587276
7,83,1,9,5,76.33748801362458
6,45,0,4,5,31.818873296846228
5,64,0,6,5,49.23104095848857
3,70,1,8,3,50.809502458352064
7,80,1,9,5,73.2886176066092
9,41,1,5,7,37.8305850760244
2,60,1,9,4,38.45785918317819
6,92,1,9,7,83.0039603138805
7,83,1,4,2,73.35013128846663
8,73,1,4,6,66.8151476376539
6,99,1,5,3,87.42203154075935
4,48,0,4,7,29.524872933909506
3,95,1,5,4,74.95997191477238
3,69,1,4,1,47.47984552822826
4,61,0,6,0,42.36295638138221
9,50,0,7,8,47.51048931480856
6,52,1,8,9,42.2522543488604
3,55,0,9,4,35.61574997449316
3,40,1,8,0,19.746908995640858
9,50,1,7,5,47.55999030173904
7,83,1,9,8,76.91137740618205
3,80,0,5,9,60.048711821136685
3,67,1,9,0,47.669436125299306
8,81,1,9,3,76.78504666307123
9,40,1,8,9,38.64496826828452
9,67,0,4,9,63.53063768585455
7,97,1,7,9,90.36534883673278
2,94,0,8,0,71.14045409326775
5,56,0,9,5,42.54880027267452
5,65,1,9,9,53.08398772995191
5,59,1,9,0,45.26457873824874
5,52,0,7,9,38.283438653690474
9,45,0,5,8,41.46365170340942
1,62,0,7,1,35.46504090027428
6,41,1,8,4,30.11658053554158
4,56,1,7,3,38.96147894158877
6,71,0,8,6,60.36448715457899
2,42,0,7,9,19.53234174948694
9,41,1,5,5,37.44799214765275
8,80,1,4,5,73.7378821231706
7,57,1,7,7,49.33115048148948
6,83,1,6,3,71.6440828365308
2,65,0,9,9,43.872401802978324
6,51,1,4,0,37.5835221694358
9,60,1,9,3,58.30568566312548
1,87,1,4,4,60.621493664554215
1,47,1,8,8,22.665847960506248
1,62,0,8,9,37.47810608028099
7,52,0,5,8,42.852218954788206
5,93,0,7,1,78.4209625027473
5,92,0,8,6,78.84384815452472
1,88,0,6,8,62.74496621052155
6,53,1,7,1,41.2554793045255
9,55,1,7,5,52.641440980098004
1,78,0,4,6,51.23408499239179
7,71,1,4,7,62.111131981334275
1,57,0,8,0,30.6749872242496
8,69,1,4,5,62.55869063078092
8,97,0,9,6,92.9961878468894
5,58,0,8,2,43.52479768494053
7,86,0,6,4,77.1235911774059
2,45,1,8,5,22.922110145767064
2,59,1,5,6,35.89338810979769
2,77,0,7,5,54.33731064125633
5,97,1,5,3,82.5267194202539
8,80,0,8,2,74.47137621720555
1,97,1,8,7,73.28905827990997
9,63,0,8,9,61.396251009247756
3,65,0,8,3,45.10466140050516
3,53,1,9,8,34.971745939380845
9,87,0,4,3,82.70866161417541
5,98,1,4,6,83.63420548196308
6,79,0,6,9,68.10331069947063
1,42,0,4,2,13.882454251464011
5,77,0,4,0,60.52094346825253
6,95,0,5,5,83.11607354695587
4,79,1,6,4,62.044755059705714
7,72,1,4,2,62.170939796076944
9,53,1,6,9,50.891353098977625
9,99,1,8,8,98.41478980873438
4,67,0,5,6,49.12578251400779
2,54,1,7,6,31.777324364478922
8,53,1,4,3,45.91545553166062
3,65,0,9,1,45.2047619386536
1,41,1,5,5,14.546137354357754
5,49,0,7,4,34.27808592574598
5,60,1,4,0,43.867401541320056
8,99,0,9,3,94.45487872567551
3,83,1,6,3,63.05588728904517
5,92,0,9,1,78.37005930011568
5,47,0,7,9,33.20198797533151
3,83,0,6,2,62.24120044537138
7,91,0,8,7,83.7443181813625
9,80,1,6,4,77.37470444118685
4,63,1,9,9,48.18867560944644
1,79,0,7,4,53.31586259925222
5,95,1,7,2,81.26822961776469
6,96,1,5,6,84.94705052630147
3,98,1,7,7,79.54811864738542
2,73,1,6,6,50.60414347572286
3,50,0,4,1,27.546942570976256
5,57,1,5,3,41.87511399338225
3,82,1,4,3,61.07421022033319
1,57,1,7,8,32.34605585070407
3,52,0,7,4,31.601492634437598
8,40,1,6,0,33.09518130841004
9,43,1,6,6,40.15456234970224
8,67,0,4,1,59.13753412320607
5,65,0,5,4,49.57334116345444
1,62,1,7,6,37.044913600691366
2,78,0,9,3,55.936394781596654
6,77,1,7,0,65.45514609646267
6,74,0,5,4,61.58268423366243
7,69,1,5,1,59.413466391395836
5,92,0,5,8,77.7783606833361
8,77,0,4,2,69.4917319441098
4,68,1,5,5,50.57416656498173
9,91,0,5,8,88.21299794431181
7,43,1,7,0,33.76401333278363
6,98,0,8,0,86.6565420326024
8,55,1,9,3,50.36150313560466
7,64,1,7,8,56.636477895377844
3,50,0,7,0,28.803726506350714
2,95,0,5,8,72.23903554286585
8,75,0,8,3,69.58122200303242
5,47,1,4,5,31.6121120985159
5,85,1,8,5,72.16191112012433
2,80,0,6,0,55.947005260822486
3,61,1,8,1,41.2802983089343
3,90,0,6,5,69.9291207876314
8,49,1,4,3,41.85029498897345
3,73,0,5,5,52.169495014690845
1,85,1,9,5,61.193677189996926
5,68,0,5,6,53.00480449884146
8,84,1,6,9,79.53361545564127
3,48,1,5,3,27.003039074012392
8,78,0,7,0,71.57350955097024
4,94,1,4,5,76.51501662592821
2,71,1,9,9,50.593532996497025
1,89,1,5,5,63.32806386660372
6,95,0,5,6,83.3073700111417
8,90,0,5,4,83.56879010273482
8,56,1,9,9,52.525572056391404
7,58,0,8,8,50.39804016837923
5,91,0,4,4,75.51419122440092
7,96,1,6,3,87.71858644942594
5,82,1,4,6,67.37356331121441
9,69,1,5,9,66.6693018032062
4,81,1,8,1,64.46883287153199
8,51,1,4,9,45.03065404543198
4,52,0,5,3,33.30754108637347
5,91,0,4,4,75.51419122440092
6,59,0,9,0,47.50392020792264
7,76,1,7,7,68.64066305925351
9,98,1,4,8,95.46772580698223
5,60,0,9,2,46.040071422804196
4,64,0,8,6,47.5249925065527
2,65,1,8,1,42.48272700245959
5,40,1,8,9,27.19404087163703
9,83,0,8,9,81.72205372268357
8,45,1,9,7,40.96378763563005
7,67,1,8,6,59.785448840541655
7,84,0,6,0,74.32582504931901
4,69,0,8,5,52.41514672072585
3,57,0,6,3,36.00895338209063
5,66,0,6,8,51.83751062238962
2,60,1,6,5,37.201075247803736
3,99,0,8,8,80.61500833427519
7,79,1,9,6,72.46362393512325
9,54,1,4,4,49.9857739806801
5,91,0,6,3,76.28828169325527
1,57,0,8,3,31.248876616807074
7,94,1,4,2,84.52932278085635
2,76,1,9,8,55.48368721067015
9,99,1,5,7,96.77541294498829
2,91,0,8,2,68.47417661462401
6,59,0,9,5,48.460402528851766
8,40,0,4,3,32.080293388439365
1,60,0,9,5,35.163033418714186
4,62,0,7,1,44.05323644775989
3,93,1,9,5,75.049461973695
5,58,1,8,8,45.295966849543454
1,67,0,9,3,41.89447144004507
6,70,0,8,5,59.15690055472137
1,70,0,9,4,45.13463831124627
8,61,0,8,9,56.500938888742304
6,84,1,4,5,72.07757896753404
9,48,1,9,3,46.11020403506401
2,91,0,9,2,68.9568700811441
5,48,1,7,0,33.12000031281885
9,55,0,7,2,51.44416120805257
1,71,0,7,7,45.75943090643536
4,53,0,8,9,36.919690406720484
7,47,0,8,7,39.0275522118037
8,85,1,6,8,80.35860912712724
1,82,0,8,7,57.42131586534516
7,95,1,5,6,86.79349223979153
9,67,0,5,9,64.01333115237463
8,85,0,7,2,79.07013342904443
6,87,0,5,3,74.60315953320989
8,59,1,4,7,52.77838220243466
9,72,0,9,0,69.30388751914154
8,41,1,5,1,33.82007444174757
9,56,0,7,9,53.79952659302514
7,91,0,4,3,81.04835845853884
8,76,1,4,6,69.86401804466928
6,56,1,6,4,44.39554563757826
1,77,0,4,4,49.83520192834835
7,74,1,6,7,66.12538932138983
9,86,0,6,6,83.2316478041013
1,74,1,7,4,48.857802300381216
4,97,0,5,9,80.18837597671902
6,96,0,9,1,85.29795169196473
8,48,0,9,6,43.19797119897165
1,67,1,8,5,42.41776128138459
4,75,0,8,6,58.70418399894242
9,97,0,6,6,94.41083929649102
1,84,0,9,6,59.745293139023
6,89,1,5,2,77.06783371985563
6,89,1,8,8,79.66369290453085
2,73,1,4,8,50.021349471054315
6,70,1,7,6,59.488893931875076
6,87,1,9,2,76.9660273145924
4,68,1,9,7,52.88753335943375
8,58,0,5,3,50.85620929705171
9,66,1,4,7,62.75514500129906
7,67,0,8,0,58.014279675938745
6,63,1,6,2,51.12698365890915
1,74,1,6,5,48.56640529804695
5,43,0,6,0,26.93246578845183
1,46,0,8,8,21.026167445346502
2,61,0,4,8,37.20247746350487
6,61,1,4,3,48.3203129187112
6,93,0,8,9,83.29675953191585
4,95,1,8,3,79.07948769930871
8,76,0,5,8,70.10591406007305
2,55,0,5,7,31.39613365180839
5,67,0,8,0,52.288815977614995
3,82,0,5,8,61.88999562829445
1,40,0,9,2,14.263341312720897
3,47,0,7,4,26.520041956078643
4,96,0,7,3,78.98969398897248
4,58,0,4,9,40.070367218999074
5,89,0,9,7,76.46896767821528
4,44,1,6,8,27.23978616793631
1,98,1,5,2,71.90078569509237
2,73,1,8,7,51.76082687294886
6,91,1,4,3,78.80901698886493
9,54,1,9,2,52.016648384908926
4,81,1,6,3,63.886038866863466
7,56,1,8,2,47.84107149140866
7,92,1,8,4,84.8101093039648
4,46,0,7,4,28.36648366956873
1,66,1,4,2,38.89680788707495
8,68,0,8,7,63.23237691007319
2,46,0,9,1,23.032517511727697
8,82,0,8,3,76.69525295273496
2,58,1,5,9,35.450987366683385
5,79,0,4,3,63.1274131321536
4,45,1,7,0,27.20839805664159
7,64,1,8,6,56.73657843352628
9,79,1,8,9,78.28028355948439
6,61,0,7,4,49.33629940296934
5,56,0,8,2,41.492217413596954
8,61,1,6,6,55.58505294263261
7,73,1,9,5,66.17458665690665
7,47,0,7,6,38.35356228109779
5,84,1,9,8,72.2022038435301
3,63,1,5,2,42.05609464490342
4,99,0,8,4,82.71255432669375
9,66,0,8,5,63.679935559519826
2,78,1,8,0,55.50320230200705
6,71,1,8,7,61.179173998252786
4,67,1,4,8,49.64907235534732
8,67,1,5,4,60.8175073617716
5,65,0,7,2,50.15613516812298
7,42,1,6,3,32.83891912314922
2,40,1,6,8,17.4491619269254
9,44,0,5,8,40.44736156773762
4,78,0,7,5,61.07906447525186
5,74,1,5,9,60.29982508491765
5,88,1,8,5,75.21078152713972
6,55,1,4,7,42.987757961423746
7,65,0,9,7,57.803468120416035
9,64,1,9,5,62.7534391341843
9,86,0,5,2,81.98376848083788
9,54,0,8,0,50.527971610529214
1,49,1,8,6,24.31583530347818
1,40,1,7,6,14.68653061591197
7,73,0,4,0,62.181246623889116
8,62,0,9,8,57.808626026748364
3,82,0,5,6,61.5074026999228
9,64,0,4,3,59.33398849372423
3,52,1,8,6,33.090169408817296
4,72,1,7,0,54.648231719779965
4,81,0,4,1,61.91466862596365
7,71,1,5,0,61.25475019855359
3,79,1,6,0,58.41683735380054
8,83,0,4,1,75.39817629395472
3,80,0,8,7,61.11419929232532
3,81,0,5,8,60.873705492622655
2,49,1,6,7,26.404476683785695
1,68,0,8,3,42.42806810919678
5,56,0,7,8,42.157302732191816
6,65,0,4,3,51.7620830819104
6,60,1,7,5,49.134696110971326
8,56,1,6,7,50.69489872845947
2,79,1,6,2,55.936698433010314
5,79,1,9,1,65.78167791587038
7,88,1,6,0,79.01437597149413
8,41,1,6,8,35.64184315756844
4,98,1,9,4,82.80234803703001
9,87,0,7,3,84.15674201373571
6,51,0,5,2,37.8254181848396
1,55,1,7,1,28.97440033005971
6,42,0,8,6,30.892073220097053
6,97,0,5,4,84.95735735411361
2,60,0,4,9,36.3774837920189
2,61,0,5,1,36.34609568072418
6,68,1,4,5,55.81693679678539
3,48,1,7,0,27.394536614495102
9,92,1,4,2,88.2222062078365
1,93,0,8,5,68.21791442936319
8,65,1,8,4,60.2330074899883
4,45,0,9,1,27.741691074379645
9,87,0,7,7,84.92192787047901
1,50,0,4,6,22.77796119358164
1,49,0,5,7,22.435660988615773
4,86,0,4,2,67.18741576850843
9,73,0,7,0,69.35479072177316
4,70,1,9,2,53.9636313098482
3,51,1,9,2,31.791386882922303
1,90,0,5,6,63.91226008697337
4,83,0,4,9,65.47762061079385
9,55,0,8,8,53.07463345968761
6,42,0,9,7,31.566063150802968
3,97,0,9,0,77.53474981596509
4,64,0,7,1,46.085816719103484
5,74,0,8,4,60.168032784060834
9,74,1,6,5,71.46826009134193
4,61,0,6,4,43.12814223812551
9,76,1,5,2,72.44425750360793
9,74,0,4,8,70.45337217137126
4,84,0,9,7,68.52478515069444
1,59,1,6,0,32.365570942040954
5,81,0,4,4,65.351289867683
4,43,0,6,7,25.40880918859073
8,97,1,6,3,91.5976084342596
3,55,1,5,2,33.9257735595291
2,43,1,7,8,20.980725800460867
3,77,1,6,1,56.57555354664277
8,54,0,4,4,46.49965175203027
1,76,0,7,3,50.07569572805101
7,55,0,7,3,45.909993973914645
6,86,0,9,5,75.9002361919901
5,46,1,7,9,32.80908821914769
8,73,1,4,7,67.00644410183972
2,40,0,8,1,16.45208323117685
5,71,0,8,0,56.35397652030216
2,97,0,4,4,73.02373649094605
9,44,1,9,7,42.81022934912014
4,69,0,7,2,51.358563861648285
6,55,0,8,3,43.52995559127286
3,41,0,5,8,20.222100065751015
6,80,1,5,5,68.49511189136697
5,50,1,8,3,36.209163443239994
1,79,0,7,4,53.31586259925222
2,68,1,7,9,46.579275656441474
5,54,1,6,8,40.265419373816094
7,95,0,9,6,88.10087572638395
5,51,1,8,8,38.181935899840916
4,64,1,9,4,48.24848342418911
1,71,1,8,1,45.71773596732846
7,57,1,8,6,49.622547483823745
6,46,0,4,7,33.21775636088967
9,84,0,7,4,81.29916807090615
4,45,1,4,8,27.29068937056791
7,53,0,6,6,43.96860962860844
1,43,0,7,7,17.30330710762521
6,55,0,8,6,44.103844983830335
3,90,1,4,5,69.58712423407917
4,58,1,7,1,40.61146628456071
9,43,0,7,4,39.63127250836272
1,90,0,4,6,63.42956662045328
2,80,1,4,1,55.796305171456076
2,88,0,4,8,64.64231112664322
3,49,0,4,1,26.530652435304468
8,54,1,5,4,47.60573559803833
7,43,1,4,1,32.50722939740917
9,50,0,9,3,47.519393926919626
9,50,0,6,5,46.45390645573098
9,47,0,8,9,45.1356088384991
3,90,1,8,6,71.70919456434535
3,83,0,8,0,62.82399445003991
6,83,1,4,7,71.4438817602339
2,89,0,9,0,66.54169688142889
3,53,1,8,1,33.149977223559965
8,41,1,9,1,35.750848307827944
2,81,0,9,2,58.7939687244262
3,75,1,9,4,56.56494306741694
3,59,0,4,2,36.8848502562082
4,98,0,5,1,79.67429439890421
9,45,1,6,8,42.569735549417466
8,87,1,8,4,82.5913904747677
5,75,0,7,5,60.892925917398365
4,84,0,4,6,65.92002135390817
1,81,1,4,9,55.4802351714526
6,74,1,8,1,63.08026562015319
2,67,0,5,5,43.20902235149823
7,67,0,9,3,59.07086253501631
1,50,1,8,5,25.140828974964144
6,75,0,7,7,64.13825069493188
7,41,1,4,2,30.665945590251418
6,59,0,5,9,47.294814519514695
8,41,0,9,1,35.127457928339986
4,50,1,6,9,33.52882344615288
1,71,0,7,8,45.95072737062119
6,94,0,6,5,82.58247687780417
3,61,1,8,7,42.42807709404925
8,56,0,7,4,49.98031242293413
8,75,0,8,9,70.72900078814737
1,91,1,9,7,67.67401093239931
4,53,0,7,1,34.90662522671379
3,97,1,4,2,76.12726579122423
3,48,0,6,9,28.010120946159468
5,51,1,7,1,36.36016718402005
6,95,1,6,7,84.60475032133559
6,43,0,7,1,30.46918756831962
4,96,1,8,9,81.24355662009546
7,64,1,9,0,56.07149311493142
5,44,1,9,2,30.402819631543515
3,46,1,7,4,26.12714219989482
5,78,1,8,3,64.66528724205014
4,98,1,4,9,81.34536302535867
9,81,1,9,5,80.03037144060474
2,58,1,6,1,34.40330911971687
7,82,1,6,9,74.63830333513582
7,42,0,8,3,33.18091567670145
9,57,0,4,4,52.411254008207514
6,59,0,8,2,47.4038196697742
3,68,0,6,6,47.762034267037826
2,94,0,7,5,71.61424294767679
8,62,1,8,3,56.992840618787106
6,70,0,5,7,58.091413083532736
6,60,0,7,3,48.12871280311172
4,41,0,4,9,22.79343491257862
6,43,0,8,6,31.908363355768834
6,96,1,6,4,85.0471510644499
8,46,0,6,0,38.569531742952826
1,58,0,4,6,30.908282278955973
4,83,1,7,7,67.16649846147044
4,40,0,5,4,21.303355922497794
7,58,1,4,1,47.75158143248604
8,84,0,7,3,78.24513975755846
4,53,0,6,7,35.571710545308655
7,83,1,5,5,74.40671414754419
2,78,1,8,2,55.8857952303787
7,96,1,8,2,88.4926769182803
2,83,1,6,0,59.619266047325816
2,40,0,9,2,17.126073161882765
4,71,0,9,7,55.31301338696115
5,47,1,8,7,33.925478892967924
3,57,1,7,2,36.92374076391287
5,84,1,4,7,69.59744004674383
9,68,0,9,3,65.81261636901186
8,71,1,8,7,66.90463769657651
7,87,1,9,7,80.78524148468338
8,97,1,5,7,91.88010082448281
8,49,0,9,8,44.59685426301508
5,73,1,9,3,60.066530030211275
4,56,1,9,9,41.07464465974392
8,67,1,5,9,61.77398968270072
7,77,0,9,8,70.19024621266334
8,89,0,5,3,82.36120350287723
1,94,1,5,1,67.64432868821936
7,41,0,6,5,31.58183153636113
7,88,0,7,6,80.02145784364123
8,60,0,7,9,55.00195528655042
2,43,1,4,0,18.002273687413982
9,83,1,4,8,80.22337377190533
3,73,0,6,7,53.0347814095826
8,48,0,9,3,42.624081806414175
4,46,0,9,1,28.75798121005144
5,69,1,9,7,56.766555344267424
6,83,1,6,6,72.21797222908828
9,54,1,6,7,51.52505030627777
2,95,1,9,6,74.41060686006253
7,84,0,4,3,73.9343275088363
1,92,1,6,7,67.24222066851084
3,58,0,4,7,36.82504244146555
4,79,0,6,6,61.80395760858939
6,80,1,9,1,69.66069990070403
3,54,0,5,0,31.903500115997694
8,85,1,8,9,81.51529252435324
9,90,1,4,9,87.5287011857937
9,94,1,6,9,92.55924866152105
7,74,1,8,2,66.13429393350089
4,42,0,8,9,25.74049891433078
8,49,1,6,3,42.81568192201363
8,51,1,9,0,45.72245320036003
1,52,0,9,1,26.267526476596565
9,63,0,4,8,59.27418067898156
2,96,0,9,3,74.2296172236889
2,55,0,4,7,30.913440185288287
1,71,1,4,1,43.786962101248086
2,76,0,7,1,52.555834648841234
2,95,1,7,5,73.25392346283653
7,86,0,6,0,76.3584053206626
1,51,0,8,3,25.15113580277633
4,99,0,4,9,81.73826278154252
9,40,0,8,2,36.68250263949579
2,61,1,7,6,38.89135531418146
8,81,1,5,0,74.28038340443337
1,45,1,4,5,18.128604430524817
8,59,0,5,3,51.872499432723494
3,60,0,7,7,40.30570311236941
6,45,1,8,3,33.99044461404291
6,67,0,5,4,54.46865328395989
3,88,0,9,0,68.38813859491896
5,90,0,8,0,75.66348909806618
3,80,1,8,0,60.3985144225125
8,83,1,6,6,77.943435927412
6,58,1,9,3,47.68490984429629
5,71,0,5,5,55.862378441671005
4,84,0,8,8,68.23338814836018
9,88,0,6,7,85.45552453963072
7,87,1,4,7,78.37177415208293
3,62,0,5,2,40.41641412974368
2,71,1,4,2,46.84099041459579
2,53,1,6,8,30.660933690658688
6,60,0,6,3,47.64601933659163
2,40,1,5,6,16.58387553203366
8,94,0,9,1,88.99083511894489
8,91,0,6,9,86.02425602585586
3,50,0,5,8,29.36871128679713
7,75,1,4,1,65.0285137389065
7,93,1,6,3,84.66971604241056
1,65,0,4,5,37.831016764472686
6,47,1,8,4,36.21432134957231
3,58,0,8,1,37.60803752243097
4,69,0,5,7,51.349659249537204
1,97,1,6,4,71.74978195431231
5,67,0,9,9,54.49317762180751
4,92,0,4,8,74.43293536765415
7,57,0,9,3,48.907961178298414
5,85,0,6,1,69.80794795085288
1,55,0,5,4,27.95951241008904
6,57,1,6,7,45.985725165807516
7,94,0,4,0,83.52333947299672
9,56,0,5,7,52.4515467316133
6,89,1,8,4,78.89850704778755
5,70,0,8,2,55.72027931300202
1,56,0,4,9,29.449591400169865
6,97,1,8,1,86.4549387406044
1,84,0,6,8,58.67980566783438
6,47,0,9,5,36.26492090079028
6,77,1,4,2,64.38965862527402
6,62,1,8,5,51.649969848835006
8,71,0,9,1,65.61616199849371
5,88,0,6,6,73.81330067879739
3,78,0,8,2,58.125136700052614
6,84,1,8,4,73.8170563694286
1,42,0,8,9,17.15230336684516
1,52,0,7,6,26.258621864485505
8,85,1,6,1,79.01953387782646
8,45,0,5,6,38.21832692587589
1,86,1,5,4,60.08789699540251
4,92,1,4,7,74.86502928295627
8,46,0,6,0,38.569531742952826
4,69,1,5,1,50.825270843910225
2,60,1,5,9,37.48356763802695
2,44,0,4,1,18.586469907783645
7,90,0,4,8,80.98855064379617
2,69,1,5,7,46.247585930701426
5,75,0,9,3,61.475719922066894
5,94,0,8,3,80.30253903331084
7,52,1,8,6,44.5410968054648
5,53,0,9,5,39.49992986565915
6,76,1,9,9,67.12591107150348
8,52,0,6,2,45.04986548535522
9,97,1,9,3,95.90842068298176
4,83,0,4,1,63.94724889730724
6,46,1,4,5,33.45855381200598
8,87,1,4,5,80.85191307287315
8,46,1,8,7,41.497384304781754
6,89,1,6,5,78.1244165789332
6,59,1,7,4,47.92710951111372
3,77,0,7,3,56.817449562046555
9,79,1,8,6,77.70639416692691
7,71,0,5,5,61.587842139994756
1,78,0,9,9,54.22144171754973
4,61,1,4,0,42.02095982782998
7,90,1,7,2,81.91224263772946
9,41,1,5,2,36.87410275509527
7,92,0,4,7,82.82983445095394
9,82,0,5,8,79.06638672326568
3,62,0,4,6,40.69890651996689
7,93,0,9,0,84.9205166699254
9,53,0,6,7,49.885369791118016
6,75,0,4,2,61.73368797444248
2,89,0,4,7,65.46730479812919
4,81,1,5,4,63.59464186452919
2,67,0,9,6,45.331092681764424
4,55,1,5,8,37.936284193805925
5,54,0,8,6,40.224822998996665
3,79,1,9,2,60.24751068173246
7,89,0,4,6,79.58966757975273
4,70,1,9,1,53.77233484566238
6,42,1,6,8,30.932669594916483
4,87,1,9,2,71.24056361626864
9,72,1,5,2,68.37909696092078
6,65,0,8,1,53.31026401961912
2,55,1,6,3,31.737031641073138
4,55,1,5,5,37.36239480124845
7,59,0,9,4,51.131837913827816
4,93,0,6,5,75.84072304380865
2,40,1,4,8,16.483774993885213
8,81,0,4,3,73.74818895098281
7,43,0,4,2,32.07513548210704
5,54,0,8,8,40.607415927368315
8,90,1,7,7,85.73145680782045
7,47,0,8,1,37.87977342668875
4,99,0,6,8,82.51235325039687
1,66,0,8,2,40.20419137366736
1,70,1,8,9,46.231817545143265
2,69,0,5,4,45.05030615865599
2,54,0,8,8,32.019220379882704
8,40,0,9,8,35.45024304196897
1,92,1,6,7,67.24222066851084
6,55,1,4,4,42.41386856886627
6,77,1,8,4,66.70302541972606
9,49,0,9,3,46.50310379124783
2,76,1,5,6,53.170320416218125
9,51,1,4,7,47.510792966222205
2,59,0,6,5,35.561394732644
8,88,0,5,7,82.11009922394874
7,91,0,5,1,81.14845899668728
1,83,1,7,6,58.38700644979898
3,41,1,4,1,19.023721729418106
6,56,0,4,9,43.763250645979234
2,64,0,4,0,38.72097615703364
8,75,0,4,9,68.79822692206702
6,70,0,4,9,57.9913125453843
4,51,0,5,9,33.439029735816625
1,62,0,5,5,35.264839823977404
3,78,0,4,2,56.19436283397224
6,54,1,5,5,42.071568363900404
2,76,0,9,5,54.286407438624714
5,97,1,7,5,83.87469928166573
4,44,1,6,9,27.431082632122134
7,78,0,8,5,70.14995348925757
3,59,1,8,9,40.77808975107731
1,49,1,4,5,22.193764973211984
8,63,1,4,8,57.03483920930764
9,56,1,8,3,53.75783165391824
6,84,0,9,5,73.86765592064654
9,63,1,5,9,60.57156098917543
9,82,0,7,6,79.64918072793424
4,60,1,8,4,43.700629414981854
7,54,1,7,7,46.28228007447411
6,60,1,6,2,48.07811325189376
5,41,1,5,7,26.379657679376898
3,43,0,6,8,22.73737380361468
3,99,1,6,8,80.27301178072295
5,99,1,8,9,87.15515887627271
4,80,0,9,0,63.120549358706505
7,84,0,6,3,74.89971444187648
4,57,1,8,1,40.07786961540901
6,64,0,7,1,51.811280417427234
6,93,1,5,7,82.0894765834719
4,87,0,8,8,71.28225855537556
6,93,1,5,9,82.47206951184356
7,73,0,8,3,64.68590988252697
8,56,0,7,0,49.215126566190825
3,63,1,6,5,43.112677503981
6,42,1,8,5,31.324167135399186
4,54,1,9,7,38.659471460028676
1,89,1,8,5,64.77614426616401
4,78,1,9,2,62.09395239522254
8,76,1,5,4,69.96411858281772
7,91,0,9,2,83.27052932695346
9,43,1,4,6,39.189175416662046
9,70,0,4,7,66.19691516449828
9,72,1,7,5,69.91837328651846
6,78,1,5,6,66.65382808420921
4,48,1,4,3,29.38307745665417
1,67,1,4,6,40.678283879490046
6,70,0,7,1,57.90902123145798
7,92,0,9,7,85.24330178355439
7,62,1,4,9,53.34711368865981
6,55,1,6,4,43.379255501906464
1,87,1,7,5,62.26087052830032
4,67,1,6,1,49.27538403908674
8,80,1,9,7,76.53394238414273
3,99,0,5,1,77.82785268541411
6,52,0,6,4,39.70699471540312
6,84,1,4,7,72.46017189590569
4,92,0,8,8,76.36370923373451
1,95,0,6,9,70.0502936244099
5,70,1,8,0,55.96107676411834
4,74,1,4,9,56.954399769235685
1,69,1,7,2,43.39375869365062
8,92,1,4,5,85.93336375123212
2,89,0,8,1,66.25029987909463
9,87,0,5,9,84.33913386581045
2,82,1,6,6,59.750754696768986
3,49,0,4,7,27.67843122041942
4,80,0,5,0,61.18977549262612
5,51,0,7,1,35.73677680453208
2,60,1,9,1,37.88396979062072
2,88,0,8,8,66.57308499272361
6,75,0,8,9,65.00353708982362
5,72,0,7,3,57.46146258201134
5,98,1,6,2,83.83440655825996
7,62,1,8,4,54.321405233811056
9,82,0,8,8,80.51446712282598
5,41,1,4,8,26.088260677042626
6,99,1,5,6,87.99592093331682
3,78,1,5,5,57.874336072537766
1,76,0,9,7,51.80626851783449
6,87,1,4,2,74.55255998199195
7,40,0,6,1,29.800355543946026
9,57,1,8,3,54.77412178959002
5,97,0,9,4,84.02539937103211
5,59,1,9,0,45.26457873824874
3,73,0,8,6,53.80887187843695
3,81,0,6,2,60.20862017402781
4,63,0,9,3,46.41750644484352
5,94,1,4,0,78.42126615416095
7,75,1,8,4,67.53317699754433
3,46,0,4,9,25.0121537417757
9,49,0,7,5,45.9203097865793
7,40,1,8,6,32.345615177403296
2,89,1,5,5,66.1907957157656
9,84,0,9,3,82.0732585397605
4,91,1,8,9,76.16210594173651
7,87,1,7,9,80.20244748001485
9,92,1,9,5,91.20956293299446
9,71,0,7,5,68.27869277135869
4,60,1,7,8,43.983121805205066
4,80,0,7,8,63.68553413915293
4,81,0,8,1,63.845442492044036
2,40,1,5,9,17.157764924591135
2,83,1,8,4,61.349838837109296
2,94,0,6,0,70.17506716022757
2,86,1,6,2,63.05072938271284
7,97,0,7,7,89.35936552887316
3,70,1,7,1,49.944216063460324
7,74,1,9,4,66.99958032839263
7,96,0,9,6,89.11716586205574
6,89,0,5,5,77.01833273292513
8,44,0,8,2,37.88493133302108
7,89,1,5,7,80.88704788994661
8,75,1,8,2,70.01331591833457
7,66,0,4,5,56.023697995115704
1,54,0,7,7,28.482498600014914
7,44,0,5,2,33.57411908429892
3,91,0,7,7,71.81069731819494
7,50,1,5,0,39.912657349445986
7,45,0,7,5,36.12968554556837
3,86,1,9,0,66.97894870306334
2,98,0,8,8,76.7359863494415
6,66,0,9,8,56.148322871111766
1,90,0,7,7,65.0689434841994
6,69,0,5,5,56.692530019489304
1,74,0,4,0,46.021145664589675
2,81,0,9,4,59.17656165279785
9,76,1,6,5,73.50084036268552
9,71,1,5,0,66.98021389687733
6,74,1,8,6,64.03674794108233
3,71,0,4,5,49.65422127682718
8,62,0,4,3,54.438676373218776
2,72,1,9,8,51.418526667982995
1,64,1,8,0,38.412408553440095
8,63,1,8,3,58.00913075445889
4,78,0,4,6,59.82228053987742
9,85,1,5,0,81.20827579628241
1,52,0,5,8,25.67582785981697
9,62,0,9,1,59.33228262660946
3,75,0,6,9,55.44995460929784
6,55,0,4,6,42.17307111774996
3,55,1,8,5,35.94774335164684
3,81,0,8,8,62.32178589218294
2,94,1,6,8,72.32882925320212
8,95,0,7,6,89.99822064250563
7,50,0,6,8,41.302332149964705
9,51,0,7,1,47.18770420117958
6,67,1,5,0,54.32685780670456
4,40,0,6,2,21.403456460646233
4,95,0,9,8,79.89527310726999
8,82,0,9,5,77.5605393476267
9,63,1,9,6,61.92844546269833
1,86,0,6,9,60.90368240336378
7,64,1,6,9,56.34508089304358
5,99,0,4,7,84.21840170233273
8,68,0,5,1,60.63651772539796
4,56,0,6,9,39.00317388069566
7,99,0,6,6,90.71795586951083
8,83,0,4,4,75.9720656865122
7,99,1,4,3,89.80206992340112
9,75,1,7,9,73.73242955027712
7,91,1,4,9,82.81952762314174
6,90,0,6,3,78.13472340674537
3,42,0,9,4,22.403978210759874
6,52,0,4,4,38.74160778236294
3,40,1,7,3,19.838104921678244
8,87,0,7,6,81.8678995571313
9,89,1,9,3,87.77809959760742
7,93,1,6,4,84.86101250659638
6,70,0,8,1,58.39171469797807
8,48,0,9,4,42.8153782706
3,69,1,6,7,49.593011246383405
3,98,0,7,2,77.96824594696835
2,97,1,5,9,75.08630265788321
9,76,0,5,9,73.15994237342076
7,55,1,4,5,45.46789688221397
1,76,1,7,3,50.69908610753897
3,63,1,9,9,45.32594376028457
6,48,1,4,0,34.534651762420445
3,62,0,7,0,40.99920813441221
8,74,0,7,7,68.84742425758384
6,46,0,6,2,33.226660973000726
8,69,1,4,5,62.55869063078092
9,74,1,8,4,72.24235056019629
4,96,0,7,9,80.13747277408743
8,72,1,7,8,67.62953082991405
6,92,1,5,3,80.30800059105681
3,67,1,5,3,46.31255165177641
9,42,1,7,1,38.66448335962142
4,57,1,4,1,38.147095749328635
2,92,1,5,3,68.85707319440931
2,66,0,7,4,42.9668226846808
7,40,0,7,6,31.23953133139525
7,45,0,9,7,37.477665406980215
9,50,1,6,2,46.50340744266148
6,73,1,4,8,61.472276867701815
8,78,0,8,1,72.24749948167616
8,60,0,5,2,52.69749310420945
1,95,0,8,4,70.05919823652096
1,52,1,6,3,25.82542938489589
2,77,1,8,5,55.44339448726438
1,91,1,6,3,65.46074467609574
7,40,0,8,2,30.957038941172037
5,78,1,6,6,64.27378970156744
5,71,1,5,0,55.52928650022985
9,88,0,8,8,86.61220793685672
6,43,0,4,5,29.786293025502637
1,48,0,9,5,22.967551790652706
8,45,0,9,0,39.00132200684131
7,93,1,4,6,84.27821850192785
8,74,0,5,5,67.49944439617201
6,57,0,8,8,46.51901818354556
1,99,0,6,1,72.58508245361048
7,54,0,6,7,45.17619622846606
2,56,1,5,3,32.27062831022484
7,82,0,4,4,72.09304370167854
2,54,0,8,0,30.488848666396102
2,58,0,8,4,35.31919506582657
4,65,0,5,2,46.328016385920925
2,61,0,9,0,38.08557308261873
9,62,0,6,7,59.03198101216413
3,52,1,4,7,31.350692006922763
4,67,1,7,1,49.75807750560683
6,96,0,6,6,84.80635361333358
8,76,0,9,4,71.27150206941013
6,83,1,6,7,72.4092686932741
1,72,0,6,4,45.71913818302959
6,83,1,7,1,71.74418337467924
7,84,1,7,6,76.57968768044202
4,75,1,8,9,59.90146377098785
9,58,1,4,2,53.66834159499562
7,72,1,9,4,64.96700005704906
1,83,0,4,5,56.124239206564916
7,86,0,5,7,77.21478710344326
9,50,0,9,9,48.66717271203458
8,81,0,6,2,74.52227941983716
6,41,1,7,8,30.39907292576479
3,65,1,6,6,45.33655423951041
7,56,0,4,0,44.90431431746867
3,56,0,9,3,36.44074364597913
2,69,1,9,1,47.03058101166685
3,79,0,6,0,57.79344697431258
4,63,1,5,9,46.25790174336607
6,43,0,8,9,32.48225274832631
5,77,0,9,1,63.12570726503882
5,68,1,8,9,55.65016467044719
1,91,0,6,2,64.64605783242197
4,45,0,9,9,29.272062787866247
7,85,0,6,7,76.68119043429158
2,52,1,4,5,28.10536722938923
6,70,0,7,4,58.48291062401545
2,87,1,7,3,64.74100944909054
1,94,1,6,3,68.50961508311113
7,52,0,8,5,43.726409961791
9,46,0,8,5,43.354132846084006
2,78,0,8,4,55.64499777926239
1,78,0,7,8,53.064758320323726
6,97,1,5,4,85.58074773360158
3,81,0,6,6,60.97380603077111
2,44,1,5,1,19.6925537537917
7,40,1,8,9,32.91950456996077
1,77,0,6,5,50.991885325574366
2,54,1,4,7,30.520540429104464
7,69,0,6,1,59.27276947842798
5,71,0,5,8,56.43626783422848
8,53,0,5,2,45.583462154506925
5,67,1,6,1,52.13811588824861
5,63,0,5,5,47.73205735629667
2,68,1,9,6,46.97077319692418
4,73,0,7,9,56.762799653636215
2,69,0,8,3,46.30709009403045
1,55,1,7,4,29.548289722617184
4,42,0,4,9,23.809725048250407
8,97,0,9,7,93.18748431107522
9,83,1,7,3,80.7149718505365
5,64,0,7,3,49.33114149663701
1,80,0,6,3,53.65816280421809
1,83,0,5,3,56.224339744713355
3,43,1,6,1,22.02168893380187
1,46,1,5,0,18.671105711787582
7,85,1,8,0,76.93089249751895
8,48,0,8,2,41.950091875708246
6,59,0,8,0,47.02122674140255
4,40,1,8,5,23.56612316573186
8,93,1,5,1,86.66716149668068
1,66,0,8,2,40.20419137366736
9,60,1,8,1,57.44039926823374
6,63,1,9,3,52.76636052265524
7,74,1,5,7,65.64269585486974
7,60,0,5,8,50.98254004016254
1,99,1,9,3,75.03914616103035
9,52,1,7,7,49.97516350145428
1,46,0,8,1,19.687092196045725
2,63,1,7,6,40.92393558552504
5,82,0,5,2,66.46768054150323
2,52,0,6,1,27.682177926198158
7,78,0,5,0,67.74539076876817
3,91,1,6,7,71.9513942311628
7,61,1,8,0,52.53992924139596
6,51,1,9,3,40.570878894593754
3,97,0,7,1,76.76065934711073
7,83,1,5,9,75.1719000042875
3,98,1,7,4,78.97422925482795
6,66,1,4,9,54.5495423821851
7,62,1,8,0,53.556219377067755
3,69,0,6,2,48.01313854596632
7,74,0,8,1,65.31960708982712
7,64,1,4,8,55.18839749581756
7,71,0,4,1,60.339962816731365
9,63,0,7,9,60.913557542727666
7,75,1,6,1,65.99390067194668
2,81,1,4,9,58.34296702061447
6,70,0,9,2,59.06570462868398
2,71,0,6,7,48.13946928907715
3,59,1,6,3,38.66492403292218
8,98,1,8,2,93.38798903878575
4,79,0,8,5,62.578048077443746
6,57,1,6,5,45.603132237435865
2,85,1,9,5,64.05640903915881
7,74,0,9,8,67.14137580564798
7,42,0,6,3,32.21552874366126
7,43,1,9,6,35.87717905093877
1,44,0,4,8,17.062813307922546
6,68,0,9,7,57.98960667826953
6,41,0,8,5,29.684486620239433
8,66,0,7,2,59.760620851280386
8,72,0,4,6,65.17546712249415
8,60,0,5,3,52.888789568395275
9,70,0,9,3,67.84519664035543
8,92,0,7,5,86.75805377130445
4,88,1,4,6,70.6085722760833
2,64,0,6,3,40.26025248263131
2,44,1,4,0,19.018563823085778
2,59,1,6,2,35.61089571957448
1,68,0,7,8,42.901856963605816
2,48,1,6,2,24.43170422718478
4,67,0,7,8,50.473762375419646
2,66,0,4,5,41.71003874930634
8,47,1,8,6,42.32237797626771
7,67,0,8,3,58.58816906849622
8,87,0,5,3,80.32862323153364
5,69,0,7,6,54.98648156755345
6,61,1,6,1,48.90310692337973
2,59,0,8,3,36.144188737312525
5,42,0,6,2,26.29876858115169
6,44,0,5,1,30.520090770951235
7,65,0,8,3,56.555588797152645
8,96,1,8,5,91.92929815999966
7,52,1,6,9,44.14959926498208
5,54,0,4,9,38.86793852547377
6,65,0,4,0,51.18819368935292
4,87,1,8,9,72.09694539904933
5,48,0,5,3,32.10511239284818
8,82,0,8,5,77.07784588110661
8,45,1,9,9,41.3463805640017
3,42,0,8,9,22.877767065168904
5,53,0,7,0,37.57806061168984
8,63,0,5,8,56.89414229633977
3,83,1,9,1,64.12137476023378
9,54,1,7,3,51.24255791605456
6,76,1,4,3,63.564664953788046
6,83,1,6,9,72.79186162164575
2,42,1,6,8,19.481742198268982
4,73,0,7,4,55.80631733270709
3,92,0,8,0,71.97060567108605
9,78,1,6,7,75.91601356240076
2,82,0,9,2,59.810258860097996
2,85,1,4,7,62.02553463492999
9,71,0,4,6,67.02190883598425
4,82,0,6,6,64.85282801560479
4,87,0,5,2,68.68639937070031
2,96,0,8,2,73.55562729298299
1,86,1,5,0,59.32271113865921
8,79,1,8,6,74.84366231776502
6,42,0,4,9,29.535188746574157
1,85,1,7,8,60.80217964951422
9,50,0,5,8,46.545102381768366
8,61,0,6,9,55.535551955702125
8,61,1,9,3,56.4592439496354
2,57,1,7,5,34.63489830730847
9,95,1,4,5,91.84496600740937
8,84,0,4,6,77.37094875055564
7,90,1,8,9,83.73401135355033
4,48,1,7,8,31.78764017714358
5,62,0,5,9,47.48095307736819
2,63,1,6,9,41.01513151156242
3,79,1,4,9,59.17311859843277
7,46,0,9,8,38.685252006837835
9,56,1,5,9,53.45753003947291
5,94,0,5,9,80.00223741886549
2,41,0,6,5,17.268172290551753
5,74,1,4,2,58.478056369096784
7,67,0,5,8,58.096570989865064
9,58,1,7,2,55.1164219945559
7,77,0,7,6,68.84226635125151
1,94,1,8,4,69.66629848033713
5,74,1,7,1,59.73484030447124
9,57,0,7,1,53.28544501521032
4,50,1,9,3,33.82912506059821
2,49,1,6,0,25.06540143448492
1,56,1,8,9,32.0037556457382
1,65,0,8,9,40.52697648729636
1,70,1,4,0,42.579375501390466
4,71,1,5,1,52.8578511152538
6,60,1,9,1,49.334897187268204
1,99,1,4,3,72.6256788284299
7,57,0,8,9,49.57304649689326
6,54,0,9,7,43.76154477886447
8,40,0,7,7,34.29355964474295
5,90,0,5,5,75.17189101943504
6,81,0,4,7,68.78791110940236
7,84,0,7,0,74.8085185158391
7,85,0,9,5,77.7466779054802
1,50,1,4,2,22.636165716326296
3,63,0,4,2,40.95001079889537
6,91,1,9,1,80.83989139309375
1,73,1,9,1,48.233009705192124
7,43,1,4,3,32.88982232578082
5,49,1,5,0,33.170903515450455
6,41,1,7,8,30.39907292576479
4,77,1,6,5,60.20347125254795
6,67,0,6,7,55.52523614303747
4,40,0,9,4,23.234129788578166
4,48,0,7,7,30.972953333469796
3,44,0,6,9,23.9449604034723
8,81,1,5,1,74.47167986861919
3,97,1,7,1,77.38404972659868
2,60,0,6,6,36.7689813325016
8,47,0,6,7,40.924897127925384
3,56,0,4,5,34.40986924175031
1,88,1,7,4,63.08586419978629
5,79,0,9,8,66.49736278568318
1,46,0,8,5,20.452278052789026
7,46,0,7,8,37.71986507379764
6,54,0,7,2,41.83967552489515
7,46,0,5,0,35.22410642727086
4,86,0,8,4,69.50078256296047
6,61,0,6,0,48.08842007970595
3,89,0,9,3,69.97831812314823
6,55,1,7,0,43.09676311168325
8,77,1,7,9,72.90227797245882
9,77,0,4,4,72.73705672164334
7,80,0,8,0,71.22605143967203
2,98,1,6,7,76.20269333170347
2,43,1,7,8,20.980725800460867
2,61,0,8,7,38.94195486539942
2,97,1,7,9,76.05168959092342
6,76,0,9,9,66.50252069201551
4,61,1,8,0,43.95173369391035
3,52,0,6,7,31.692688560474984
5,76,1,8,5,63.01529989907821
6,76,1,4,0,62.99077556123057
4,84,0,8,6,67.85079521998853
4,79,0,5,2,60.556078285326
5,84,0,9,2,70.43103467892718
8,92,0,5,7,86.17525976663589
9,79,1,6,9,77.31489662644421
4,94,0,5,9,77.13950556970363
4,48,0,4,6,29.33357646972368
1,71,1,6,7,45.90012781940323
3,90,1,9,9,72.76577742342292
1,91,1,5,6,65.55194060213313
9,88,1,6,2,85.12243259818953
4,69,1,8,6,53.229833564399634
2,97,0,7,0,73.70663103376302
4,42,1,9,2,25.507507511038064
6,90,1,5,0,77.70153092715574
7,97,0,9,9,90.70734539028498
9,65,0,8,8,63.23753481640552
5,69,0,5,4,53.638501706141604
8,96,0,7,0,89.86673199306247
3,57,1,5,7,36.9148361518018
8,95,0,9,2,90.1984217188025
5,42,1,7,3,27.59614889134557
3,79,1,5,5,58.89062620820956
9,68,0,5,2,63.69054603874566
9,90,0,8,2,87.49700942308533
7,64,1,7,0,55.10610618189124
6,53,1,6,9,42.303157551492
2,77,1,6,7,54.86060048259585
9,47,1,8,7,45.37640628961541
1,75,0,5,3,48.094018659339035
4,55,1,6,3,37.46249533939689
1,53,1,6,1,26.459126592196036
2,64,0,7,1,40.36035302077975
7,43,0,4,4,32.45772841047869
1,96,0,8,3,70.88419190800693
2,60,1,5,4,36.52708531709782
2,83,1,9,7,62.40642169618686
5,64,0,8,8,50.770317284086225
7,49,1,4,5,39.37015606818323
8,91,0,8,4,86.03316063796692
1,68,0,4,4,40.68859070730223
7,49,1,8,9,42.0661157910069
2,88,1,5,6,65.36580204427963
3,61,1,6,3,40.69750430426577
7,65,1,6,7,56.978778100343725
9,48,0,5,3,43.55603978949568
4,70,0,5,4,51.792059992651524
2,63,1,5,8,40.341141580856494
6,48,0,7,4,36.12452763923606
6,62,1,4,8,50.293085375312124
5,75,1,9,6,62.67299969411234
6,93,1,5,5,81.70688365510026
8,67,0,7,9,62.11598623625296
8,96,0,8,3,90.92331485214004
5,81,0,7,9,67.75585258817242
7,81,1,9,6,74.49620420646681
6,56,1,7,0,44.11305324735505
6,63,0,9,9,53.29074892828222
5,54,1,6,2,39.11764058870114
9,83,0,7,3,80.09158147104853
6,59,1,6,5,47.63571250877944
9,43,0,7,7,40.205161900920196
9,44,1,4,4,39.82287262396219
9,92,1,9,4,91.01826646880863
3,47,0,7,3,26.328745491892818
1,61,1,7,6,36.028623465019585
8,81,1,9,4,76.97634312725705
5,61,0,4,7,45.599376546804656
7,49,0,9,0,40.203750700366605
6,54,0,4,7,41.34807744626399
6,47,1,8,4,36.21432134957231
5,70,0,7,8,56.38536463159688
7,61,0,8,5,52.87302118283713
4,47,0,4,8,28.699879262423536
7,43,0,8,2,34.00590934818741
8,69,0,6,0,61.94420486340403
1,57,0,6,3,30.283489683766895
1,92,1,4,6,66.08553727128484
1,68,0,8,1,42.04547518082513
6,83,0,5,0,69.96410959796523
8,46,1,8,8,41.68868076896758
3,90,0,5,9,70.21161317785459
8,95,0,9,4,90.58101464717416
4,63,0,4,8,44.9605214331722
2,58,0,9,7,36.375777924904135
9,98,1,7,4,96.1506203497992
2,89,0,6,9,66.81528465954105
7,95,1,6,5,87.0848892421258
7,67,1,7,6,59.302755374021565
1,80,1,5,4,53.990156181371766
5,93,0,4,2,77.16417856737283
8,73,0,5,4,66.29185779631439
1,49,0,7,9,23.78364085002761
5,80,0,8,9,67.22225591902071
6,65,0,7,7,53.97534933821398
8,69,1,9,4,64.78086149919557
5,59,1,9,0,45.26457873824874
4,47,1,9,8,31.736736974511963
4,99,1,6,1,81.79666838058407
5,54,1,6,6,39.882826445444444
7,44,0,6,6,34.82199840756231
6,74,0,6,9,63.02186002111166
5,96,0,4,1,80.02175251020239
9,78,0,9,3,75.97551772572976
3,73,1,4,6,52.50148839184454
4,99,0,9,5,83.38654425739966
7,54,1,8,6,46.57367707680837
1,95,1,6,6,70.0997946113404
9,40,0,9,3,37.3564925702017
1,67,0,9,4,42.0857679042309
9,40,1,5,3,36.0491090836093
9,90,0,7,3,87.20561242075107
9,80,0,7,8,77.9991933849623
7,51,0,4,0,39.82286363910972
6,44,1,8,0,32.40026508581365
2,53,0,6,5,29.463653918613254
9,87,1,8,5,85.64541878811539
8,75,1,6,1,68.85663252110857
2,54,1,8,1,31.303535510069885
6,58,1,9,8,48.64139216522542
1,44,0,5,5,16.971617381885167
2,82,0,9,2,59.810258860097996
3,78,0,9,3,58.79912663075853
9,44,0,9,9,42.569431898003835
9,91,0,7,0,87.64801316386539
3,75,0,7,4,54.976165754888804
3,57,1,5,6,36.723539687615975
9,68,0,8,2,65.13862643830595
5,44,1,5,3,28.66334222964897
7,64,1,6,8,56.153784428857755
9,49,1,8,9,47.79157948933065
7,63,0,9,6,55.57959138488662
2,89,1,4,3,65.32550932087386
5,60,0,9,0,45.657478494432546
6,64,0,5,5,51.61107934113034
2,86,0,6,5,63.001228395782356
9,83,1,6,5,80.61487131238806
8,89,1,8,2,84.24137781773965
8,62,1,6,1,55.64486075737526
3,52,0,7,4,31.601492634437598
7,70,1,4,4,60.520952453105004
1,80,0,9,0,54.53235381122088
5,95,0,8,8,82.27531148991176
5,89,0,6,0,73.68181202935423
1,77,1,7,4,51.90667270739659
7,61,0,8,0,51.916538861908
1,54,0,9,6,29.256589068869275
1,42,1,8,9,17.77569374633312
6,93,1,8,1,82.38977819791722
6,45,0,8,2,33.175757770369124
6,65,1,5,4,53.05946339210427
3,40,0,8,8,20.653890329639495
6,58,0,7,4,46.28742899595397
3,46,0,7,7,26.07764121296433
8,59,0,8,7,54.08576568902708
5,69,1,6,3,54.553289087963854
7,70,0,9,4,62.31102940621751
9,57,0,4,1,51.83736461565004
4,80,1,5,1,62.004462336299916
3,40,1,7,9,20.985883706793196
3,98,0,6,5,78.05944187300574
3,61,1,8,6,42.236780629863425
7,55,0,4,3,44.46191357435435
9,41,0,6,9,38.07248109142818
1,94,1,9,9,71.10547426778635
2,65,1,9,5,43.73060632572298
8,44,0,7,8,38.55001665161594
3,73,0,8,1,52.85238955750783
8,89,1,6,0,82.89339795632782
6,64,1,8,8,54.25643951273607
9,87,1,7,2,84.58883592903783
5,93,1,4,9,79.12664419616158
5,69,1,8,5,55.901268949375684
8,90,1,4,1,83.13559762314523
7,90,1,6,8,82.57732795632432
2,69,1,5,2,45.2911036097723
5,50,0,7,3,35.10307959723193
5,53,0,7,9,39.29972878936227
2,55,0,9,1,32.17912873277381
8,89,1,4,6,83.07578980840256
3,43,1,6,5,22.78687479054517
9,93,0,8,9,91.8849550794015
8,53,1,8,0,47.272340005183516
2,44,0,5,0,18.87786691011791
5,70,0,5,6,55.037384770185035
2,94,0,9,5,72.57962988071696
1,49,0,6,8,23.109650919321687
1,66,1,5,9,40.718576602895816
3,55,0,9,0,34.85056411774986
5,69,0,9,9,56.5257578931511
9,60,0,8,8,58.15608413804656
3,84,0,9,0,64.3229780522318
5,98,1,6,5,84.40829595081743
5,93,0,7,5,79.1861483594906
8,93,0,4,6,86.51755997160177
8,69,0,7,0,62.42689832992412
8,65,0,8,7,60.18350650305782
2,68,0,6,4,44.5167094895043
7,64,1,8,6,56.73657843352628
9,65,0,7,8,62.75484134988543
2,76,0,6,1,52.073141182321145
2,73,0,7,8,50.84603949112664
9,42,0,5,9,38.60607776057987
4,97,1,9,3,81.5947614371724
3,93,1,9,1,74.2842761169517
5,44,1,7,5,30.011322091060805
2,88,1,8,5,66.62258597965408
9,47,1,4,2,42.48915010260591
3,80,0,8,8,61.30549575651114
2,52,1,8,2,29.462251702912127
9,95,0,5,6,91.89556555862731
4,58,0,6,0,39.314085974366826
3,67,1,5,1,45.92995872340476
1,71,1,6,0,44.561052570102454
2,93,0,8,4,70.88934981433925
4,42,1,7,2,24.54212057799787
9,71,1,8,9,70.14996247411005
8,47,0,6,2,39.96841480699626
4,53,0,6,8,35.76300700949448
9,95,0,6,0,91.23048024003248
3,68,0,9,0,48.06233588148314
7,81,0,6,8,72.80732635579025
5,97,0,6,4,82.57731897147184
6,57,1,8,6,46.759815634661884
2,42,0,8,8,19.823738751821203
2,77,0,5,7,53.75451663658779
4,48,0,6,8,30.681556331135518
6,79,1,4,2,66.42223889661761
5,82,1,4,7,67.56485977540024
4,47,1,7,0,29.240978327985182
6,88,1,7,6,77.78211637396731
7,68,0,6,9,59.78685105624279
2,40,0,5,1,15.004002831616567
5,60,0,8,4,45.93997088465576
2,48,1,6,7,25.388186548113907
7,95,0,7,2,86.37030293660047
9,81,0,6,8,78.532790054114
5,61,1,6,1,46.04037507421787
7,48,1,6,3,38.936659937179975
9,47,1,4,0,42.10655717423426
9,81,1,7,9,79.83017036430786
2,75,1,8,2,52.836924823363326
8,83,1,4,0,75.83027020925687
3,76,1,7,4,56.61584627004854
1,69,0,8,5,43.826951173240225
6,64,0,6,3,51.711179879278795
2,80,0,9,2,57.777678588754405
7,48,0,8,9,40.42643527584715
1,41,0,7,3,14.505540979538331
6,43,0,5,5,30.26898649202274
6,53,1,4,4,40.381288297522694
8,52,0,4,1,43.8931820881292
8,63,0,9,0,57.29454444893354
6,71,0,9,8,61.22977354947073
1,96,0,8,0,70.31030251544945
8,92,0,5,5,85.79266683826424
5,70,0,5,3,54.46349537762756
3,51,0,5,7,30.1937049582831
2,64,1,6,9,42.03142164723422
6,86,1,4,2,73.53626984632015
4,90,1,8,3,73.99803702094977
1,47,1,9,3,22.19205910609722
8,82,1,9,6,78.3752261913005
2,45,1,6,3,21.574130284355228
7,82,1,9,7,75.70379080632443
4,92,0,4,8,74.43293536765415
9,77,0,7,0,73.41995126446031
6,76,0,6,4,64.09795797152611
3,41,1,6,1,19.989108662458293
3,74,0,9,5,55.11655901644301
7,85,1,7,5,77.40468135192799
7,92,1,8,0,84.04492344722149
3,87,0,9,5,68.32833078017629
9,46,1,4,4,41.85545289530578
8,61,0,4,6,53.996275630104456
4,71,1,8,9,55.836303228300686
3,98,1,8,3,79.26562625716221
5,66,0,5,3,50.39833483494039
6,99,1,8,5,89.2527048686913
3,83,0,5,5,62.332396371408755
5,90,1,5,9,76.56046725566631
2,81,1,5,9,58.82566048713456
2,48,0,9,9,26.595469496557875
9,73,0,7,0,69.35479072177316
1,48,1,6,9,22.908047627323683
2,54,0,5,7,30.379843516136596
5,47,0,8,4,32.728199120922476
6,97,0,7,0,85.15755843041052
8,58,0,9,6,53.36087255568955
1,81,0,5,2,54.00046300918395
8,47,0,7,7,41.40759059444549
8,57,1,6,0,50.37211361483049
9,74,0,9,9,73.05813596815756
7,67,0,9,9,60.21864132013126
5,85,1,6,1,70.43133833034085
4,86,0,6,9,69.49187795084941
8,93,0,5,8,87.38284636649351
1,90,0,7,5,64.68635055582774
1,64,0,8,5,38.74550049488126
5,96,1,5,7,82.2756151413254
5,42,1,6,3,27.113455424825474
9,89,1,5,3,85.84732573152706
4,99,0,4,9,81.73826278154252
3,74,1,9,6,55.931245860116796
4,58,1,4,5,39.92857174174373
7,90,1,7,5,82.48613203028694
8,82,0,8,3,76.69525295273496
1,85,0,9,6,60.76158327469479
7,47,0,5,3,36.81428595550013
9,46,1,8,3,43.59493029720033
7,40,1,6,4,30.997635315991467
9,64,0,9,7,62.51264168306799
1,72,1,4,1,44.80325223691988
1,44,0,9,1,18.13720539122224
4,44,0,5,6,25.75110939355661
9,56,1,7,4,53.466434651583974
7,92,0,9,9,85.62589471192604
7,97,0,8,4,89.26816960283577
5,47,0,8,1,32.154309728365
6,73,1,7,9,63.11165373144791
5,79,0,8,0,64.48429760567649
9,40,1,5,0,35.47521969105183
3,68,0,6,7,47.95333073122365
3,75,0,4,2,53.14549242695687
7,76,1,6,8,68.34926605691925
6,68,0,4,5,55.19354641729742
3,44,0,6,3,22.79718161835735
5,71,1,4,6,56.19437181882471
2,91,1,7,1,68.42357706340607
6,63,0,9,8,53.099452464096395
8,58,0,8,1,51.92169676824033
1,51,0,8,7,25.91632165951963
7,73,1,6,8,65.30039564990386
2,46,0,4,0,20.427753714941396
3,42,1,5,6,21.479187652539117
8,77,0,7,6,71.7049982004134
9,89,0,6,3,85.70662881855921
4,89,1,6,2,71.82506348805197
7,93,1,5,4,84.37831904007629
9,44,0,4,0,38.43429638773093
7,69,0,7,1,59.75546294494807
4,65,0,4,7,46.80180524032996
3,93,1,6,5,73.60138157413473
2,86,0,6,2,62.42733900322488
6,60,1,7,6,49.32599257515715
9,43,0,4,6,38.56578503717409
8,40,0,8,3,34.01106725451974
4,56,0,6,6,38.42928448813819
6,90,1,5,2,78.0841238555274
9,98,0,8,5,96.20121990101717
5,73,0,8,6,59.53433557676069
9,84,1,6,2,81.05727205550238
6,45,0,4,2,31.244983904288752
7,46,0,7,4,36.95467921705434
2,52,1,4,1,27.34018137264593
2,90,1,7,0,67.21599046354845
6,56,1,7,1,44.30434971154087
6,76,1,9,6,66.552021678946
2,95,0,6,8,72.72172900938597
1,93,1,5,3,67.01063148091922
4,63,1,8,5,46.94079628618305
9,92,0,7,0,88.66430329953718
4,84,1,6,4,67.12620573806467
1,62,1,5,0,34.931747882536236
8,42,0,8,8,37.00012984679244
3,54,1,6,6,34.15736274712069
6,88,1,6,4,76.91682997907557
7,97,1,5,9,89.39996190369257
7,45,0,4,6,34.87290161019393
8,62,0,5,1,54.538776911367215
9,83,1,6,8,81.18876070494554
3,84,0,8,3,64.41417397826919
4,93,1,6,9,77.2292992800399
9,84,0,8,5,81.97315800161206
7,42,1,6,8,33.795401444078344
1,42,1,5,8,16.136316882587018
9,99,1,8,1,97.0757145594336
1,54,1,5,1,26.992723261347734
7,47,0,7,6,38.35356228109779
8,92,0,5,0,84.83618451733511
9,92,0,8,6,90.29477555117222
6,57,0,4,0,43.05787260397859
7,69,1,8,8,62.200622040256896
6,42,0,7,8,30.791972681948614
9,45,1,4,9,41.79564508056311
7,77,1,7,4,69.08306380236783
1,82,1,4,4,55.54004298619527
1,57,1,6,6,31.48076945581233
5,95,0,6,4,80.54473870012828
3,66,1,6,9,46.92673376773967
2,79,1,4,5,55.545200892527596
5,68,1,6,2,53.345702488106234
2,94,0,4,5,70.16616254811649
6,85,1,4,0,72.1373867822767
5,66,1,5,4,51.21302167861419
6,72,1,5,1,59.59960494924933
4,72,0,6,4,54.307333730515204
5,83,0,6,5,68.54055353625259
7,40,1,7,9,32.43681110344068
5,89,1,7,1,74.97919233954812
8,73,0,9,7,68.79652105495222
9,64,1,6,3,60.92276580625238
3,54,1,6,6,34.15736274712069
1,82,1,9,6,58.33610324716738
8,89,0,8,7,84.5744697591808
1,94,1,6,4,68.70091154729695
9,98,1,9,3,96.92471081865355
6,89,0,7,7,78.36631259433696
9,91,1,5,3,87.87990600287063
5,49,1,4,5,33.64469236985948
6,60,1,9,3,49.717490115639855
9,54,0,8,1,50.71926807471504
9,95,1,5,0,91.37117715300033
6,44,0,9,0,32.25956817284578
6,64,1,4,3,51.36918332572656
6,95,1,8,4,84.99624786181829
2,61,1,9,0,38.70896346210669
7,64,1,7,0,55.10610618189124
1,48,0,4,0,19.59760213712311
9,66,1,5,3,62.47265261107585
3,58,0,5,8,37.49903237217146
3,77,0,8,6,57.87403242112412
4,54,1,6,8,37.40268752465422
2,84,1,4,8,61.20054096344402
7,44,0,6,7,35.01329487174814
2,63,1,5,0,38.81076986736989
2,94,1,8,0,71.7638444727557
5,98,0,6,1,83.01971971458616
8,67,1,4,3,60.14351743106568
8,51,1,4,6,44.456764652874504
6,77,1,8,9,67.65950774065519
1,83,1,9,0,58.20461459772421
7,99,0,8,7,91.87463926673684
3,84,0,9,3,64.89686744478928
2,75,0,9,9,54.035303159696234
1,45,0,9,6,20.109977847823153
8,77,0,8,5,71.99639520274766
2,98,0,8,7,76.54468988525568
1,46,0,4,7,18.904097115080305
4,95,0,5,6,77.58190631281795
4,62,0,7,4,44.62712584031737
8,91,1,4,6,85.10837007974615
9,54,0,9,3,51.58455446960678
7,57,0,5,2,46.7858908480322
5,59,1,6,8,45.346870052175056
1,85,0,9,6,60.76158327469479
8,88,0,7,2,82.11900383605979
4,71,0,5,5,52.999646592509144
2,93,0,7,4,70.40665634781917
2,60,1,8,7,38.54905510921558
1,96,0,9,5,71.74947830289867
3,88,0,9,0,68.38813859491896
9,69,1,4,4,65.23012601575698
9,93,1,8,3,91.36056667377449
5,98,0,8,5,84.75029250436964
6,64,0,9,9,54.307039063954015
7,77,0,8,3,68.75107042521412
8,91,0,9,5,86.70715056867283
9,96,0,7,0,92.72946384222436
9,96,0,7,8,94.25983555571096
6,54,1,8,1,42.75446290671737
7,91,0,9,3,83.46182579113929
2,83,1,6,2,60.001858975697466
9,74,1,8,2,71.85975763182464
4,91,0,4,9,73.60794169616818
4,40,1,6,7,22.983329161063317
5,73,0,6,0,57.42116985860556
3,52,1,5,7,31.833385473442853
8,97,1,5,2,90.92361850355368
5,48,0,8,8,34.50967511333757
2,89,1,9,4,67.93027311766014
1,49,0,7,3,22.635862064912658
4,95,1,6,4,78.30539723045436
2,87,0,6,9,64.78270438819746
1,48,0,8,2,21.910968931575134
7,92,1,4,0,82.1141495811411
1,42,0,4,7,14.838936572393138
2,69,0,8,8,47.263572414959576
1,83,0,7,4,57.38102314193937
1,49,1,9,9,25.372418162555753
4,57,0,4,3,37.90629829821233
9,85,1,4,0,80.72558232976232
9,57,1,7,2,54.100131858884104
2,73,1,5,6,50.12145000920275
2,62,0,5,1,37.36238581639598
2,92,0,8,5,70.06435614285328
5,40,0,6,5,24.840077702365583
8,77,0,8,9,72.76158105949096
5,78,1,4,1,62.351920447598125
5,46,1,7,8,32.617791754961864
2,57,0,6,1,32.763628604557105
9,43,0,4,7,38.75708150135991
4,91,0,6,7,74.19073570083671
6,48,1,6,6,36.647817480575576
7,47,1,9,6,39.94233959362594
8,57,0,6,1,49.94001969952836
8,81,0,4,5,74.13078187935446
6,85,1,7,0,73.585467181837
3,65,0,5,8,44.613063321874
9,79,0,9,2,76.80051139721573
2,61,0,5,6,37.30257800165331
3,83,1,4,8,63.0469826769341
5,86,1,7,6,72.88680425346186
2,60,0,4,3,35.22970500690395
8,87,1,9,1,82.50019454873032
5,65,1,6,5,50.87072147364834
1,75,1,8,2,49.97419297420145
3,54,0,7,6,34.01666583415284
8,99,1,6,3,93.63018870560319
6,70,1,7,3,58.9150045393176
1,86,1,7,3,60.86198746425688
4,73,0,4,8,55.12342278989009
1,41,0,4,3,13.057460579978049
3,81,0,6,3,60.39991663821363
5,69,0,8,1,54.51269271314441
5,47,0,4,7,31.37131464739958
4,91,1,4,3,73.08355329054118
3,46,0,7,4,25.503751820406855
5,51,0,7,7,36.88455558964703
4,97,0,6,3,79.52329065812415
8,58,1,7,4,52.636283073765675
8,67,1,9,5,62.939577692037794
5,53,0,9,2,38.92604047310167
4,53,1,9,8,37.83447778854272
3,45,1,7,4,25.110852064223025
2,53,0,4,4,28.306970521387235
9,52,1,5,4,48.435887175856614
1,66,1,6,3,40.05349128430097
1,74,1,8,0,48.575309910158005
2,41,0,9,5,18.716252690112036
3,87,0,6,3,66.49765745224437
9,40,0,4,0,34.369135845043765
6,77,0,7,0,64.8317557169747
4,90,0,5,9,73.07434502701648
8,84,0,9,5,79.59311961897029
9,63,0,9,7,61.496351547396195
7,49,0,6,0,38.75567030080632
3,74,1,8,7,55.63984885778253
6,46,0,5,3,32.93526397066646
2,74,0,6,2,50.23185737516339
7,56,1,7,8,48.506156810003525
5,54,0,9,4,40.32492353714512
8,51,0,7,8,45.66404760131848
3,62,1,6,6,42.28768383249503
7,65,1,4,8,56.20468763148936
9,44,1,5,6,40.688159018853945
7,70,0,4,8,60.66274793036035
7,93,0,6,8,85.00280798385174
5,45,1,7,4,30.836315762546768
6,84,1,9,2,73.91715690757704
4,47,1,9,9,31.92803343869779
7,87,1,4,7,78.37177415208293
9,96,1,7,4,94.11804007845564
5,54,0,5,3,38.20285320687892
9,43,1,8,6,41.11994928274242
9,76,1,4,0,71.57897110871619
3,49,0,6,0,27.30474290415883
9,45,1,7,4,42.28724315919427
3,43,1,8,4,23.56096525939953
9,93,1,5,2,89.72118981002839
6,95,0,5,6,83.3073700111417
2,79,1,7,9,57.75846714883118
8,65,0,8,3,59.41832064631452
1,81,0,6,6,55.24834233244736
8,52,0,5,0,44.18457909046348
1,61,1,7,9,36.60251285757706
2,88,0,5,1,63.78592934386254
6,44,1,5,1,31.143481150439193
9,77,1,7,5,74.99982396487741
2,50,0,4,1,24.684210721814388
4,77,1,8,6,61.36015464977395
8,83,1,4,2,76.21286313762852
7,64,1,8,0,55.58879964841133
8,91,0,8,4,86.03316063796692
6,54,1,6,6,42.74555829460632
3,56,0,9,7,37.205929502722434
1,42,0,9,2,16.29592158406448
7,91,1,4,9,82.81952762314174
2,77,1,5,0,53.03883176677497
8,40,0,7,0,32.95448439544217
6,46,1,4,1,32.69336795526268
7,65,1,6,3,56.213592243600424
6,78,1,6,3,66.56263215817185
3,94,0,9,0,74.4858794089497
9,66,0,4,2,61.17527230088198
5,87,1,7,0,72.7553156040187
4,49,1,6,1,30.982161596994494
6,58,1,9,9,48.832688629411244
2,55,0,8,1,31.696435266253708
6,67,0,5,5,54.65994974814571
2,60,1,6,5,37.201075247803736
7,47,0,6,7,38.06216527876352
9,49,0,9,4,46.694400255433656
8,49,0,4,0,40.65301521692802
5,72,0,5,7,57.26126150571445
8,95,1,6,2,89.37373169873021
3,92,0,4,4,70.80501766174896
6,63,1,9,6,53.340249915212716
7,75,1,5,1,65.51120720542659
5,70,1,4,6,55.17808168315292
8,56,0,9,4,50.94569935597432
9,98,1,8,9,97.58979613724841
7,87,1,8,2,79.34606569723417
9,47,1,9,8,46.05039622032134
6,71,1,4,7,59.2484001321724
9,86,1,6,9,84.42892757614672
5,77,1,5,8,63.157399027747196
9,93,1,8,6,91.93445606633196
1,51,1,5,2,24.135149318518188
7,67,0,5,2,56.94879220475011
9,94,0,9,5,92.61875282485008
9,95,0,5,1,90.93908323769818
6,96,0,6,3,84.23246422077611
8,42,0,8,4,36.23494399004914
4,58,1,4,7,40.31116467011538
5,49,0,6,6,34.17798538759752
8,69,0,5,7,62.800586646184705
4,99,0,5,3,81.07317746294765
4,63,1,9,1,46.65830389595984
8,65,0,4,8,58.444029101163274
6,75,1,4,0,61.974485425558804
6,99,1,8,7,89.63529779706295
6,87,1,6,6,76.28313277177543
1,63,1,8,3,37.970007810325775
5,54,1,5,1,38.44365065799523
9,90,1,9,8,89.75087205420834
9,40,0,5,7,36.190904560864645
1,61,1,9,3,36.42012100550229
8,90,1,7,5,85.3488638794488
1,79,1,4,3,52.29987611499407
8,94,0,7,4,88.59933757846218
3,88,0,9,8,69.91851030840556
3,94,1,7,5,75.10036517632662
8,60,0,4,6,52.97998549443266
4,77,1,7,5,60.68616471906804
2,61,1,5,3,37.35207898858379
4,93,1,8,8,78.00338974889425
6,82,1,9,3,72.07587310041927
6,41,0,4,1,26.98852689741576
5,96,0,7,0,81.27853644557686
7,57,0,7,7,48.70776010200152
4,87,0,8,5,70.70836916281809
6,64,1,7,4,53.00856018947268
5,98,1,6,3,84.02570302244578
4,61,1,7,1,43.660336691576084
9,54,0,5,3,49.65378060352642
4,84,1,9,2,68.19169320925329
8,95,1,8,9,91.67819388107117
9,80,0,9,2,77.81680153288752
8,45,1,6,1,38.367928450954814
7,50,0,6,9,41.49362861415053
3,77,0,8,4,57.49143949275247
9,47,1,9,1,44.71132097102056
3,83,0,8,4,63.58918030678321
6,97,1,5,9,86.53723005453071
6,42,0,8,1,29.935590899167927
2,52,0,6,0,27.490881462012332
2,88,0,5,4,64.35981873642001
1,55,0,6,2,28.05961294823748
6,52,0,4,1,38.167718389805465
9,98,1,8,1,96.05942442376181
7,56,0,9,5,48.27426397099827
6,70,1,4,4,57.65822060394313
6,54,1,4,1,40.823689040637014
4,59,1,4,7,41.32745480578716
1,76,1,9,7,52.42965889732245
4,43,1,6,3,25.267013711335387
8,87,0,5,8,81.28510555246277
4,87,0,5,0,68.30380644232866
3,84,1,9,4,65.71155428846305
8,41,0,8,5,35.40995031856318
2,57,0,9,6,35.168191325046514
1,88,0,9,8,64.19304661008181
3,47,1,4,5,25.88664840019215
3,41,0,9,6,21.770281003459736
1,68,0,5,9,42.12776649475145
4,66,1,5,4,48.350289829452315
2,73,0,4,0,47.867587378079755
7,56,1,9,4,48.7063578863004
1,62,0,6,6,35.93882975468332
3,72,1,5,2,51.20270586594955
1,51,0,7,3,24.66844233625624
6,78,1,7,3,67.04532562469194
9,54,1,8,6,52.29914077513212
3,40,0,6,1,18.349428147298532
4,83,1,4,6,65.52712159772432
2,96,0,7,5,73.64682321902038
1,73,0,5,6,46.63532778055292
7,56,1,6,5,47.449573950925945
8,99,1,6,1,93.24759577723154
8,85,0,5,1,77.9134500318184
8,40,0,7,3,33.52837378799965
1,96,1,4,2,69.38551195722869
1,80,1,7,0,54.19035725766866
9,90,0,6,9,87.87069773934593
6,86,1,6,1,74.3103603151745
2,52,0,6,0,27.490881462012332
1,98,1,9,6,74.59674541791603
5,92,0,5,9,77.96965714752193
7,49,0,5,4,39.038162691029534
2,41,1,7,4,18.18295967237399
3,49,1,4,0,26.962746350606608
3,79,0,9,3,59.815416766430324
8,64,1,6,1,57.67744102871885
2,47,1,6,3,23.60671055569881
2,60,1,8,0,37.2099798599148
8,61,1,8,7,56.74173633985861
7,84,0,7,9,76.53018669351152
5,66,1,5,4,51.21302167861419
5,81,0,8,0,66.51687787702008
9,96,1,8,9,95.55721586590485
3,47,0,4,2,24.68936862814671
4,95,1,5,6,78.20529669230592
1,57,0,4,6,29.891992143284178
4,81,1,9,8,66.29060158735285
3,92,0,5,0,70.52252527152575
3,71,0,5,3,49.75432181497562
8,67,0,9,4,62.12489084836401
3,94,1,5,4,73.94368177910059
7,71,1,8,8,64.23320231160048
8,79,1,6,0,72.73049659960989
9,47,0,8,8,44.94431237431328
6,74,0,7,6,62.93066409507427
8,60,1,7,1,54.094973952551776
1,86,1,6,1,59.99670106936514
3,73,0,9,9,54.86545473751452
6,55,0,4,6,42.17307111774996
9,43,0,7,9,40.587754829291846
9,73,1,6,5,70.45196995567014
9,85,0,8,7,83.37204106565551
8,50,1,5,6,43.92316798372281
2,52,0,8,4,29.221454251795812
2,64,0,5,4,39.96885548029703
6,57,0,7,5,45.462435324468
2,89,1,4,0,64.75161992831639
9,69,0,9,9,67.97668528979861
7,85,1,9,7,78.75266121333982
9,93,1,4,4,89.62108927187995
6,48,1,8,1,36.65672209268663
9,89,0,7,6,86.76321167763678
8,80,0,5,1,72.83199935345945
8,92,1,5,5,86.41605721775221
3,64,0,9,9,45.718843516468404
8,79,0,8,5,74.02897547409125
2,42,0,6,1,17.519276569480247
3,43,1,6,7,23.16946771891682
5,71,0,4,4,55.18838851096509
7,73,1,5,9,65.0089986475696
6,66,0,5,8,54.217549005031394
9,93,1,4,4,89.62108927187995
2,78,1,5,3,54.62901129500424
5,77,1,4,5,62.10081616866963
6,57,0,8,4,45.75383232680226
1,75,0,7,6,49.633294984936704
9,60,1,9,7,59.07087151986878
2,69,0,9,0,46.21589416799306
6,73,1,9,6,63.50315127193061
8,47,0,5,8,40.63350012559112
5,67,0,8,9,54.01048415528742
7,55,0,5,3,44.94460704087445
1,87,0,8,2,61.54628422277498
8,75,0,7,6,69.67241792906981
5,52,1,5,1,36.41107038665165
7,75,0,6,7,66.51828907757368
8,64,0,6,8,58.39312589853167
7,92,0,8,3,83.995422460291
3,56,1,4,8,35.60714901379574
3,97,1,7,2,77.5753461907845
1,69,1,8,6,44.64163801691401
5,97,0,7,2,82.67741950962028
5,82,0,8,3,68.10705740524935
8,76,0,6,0,69.05823581310656
4,42,1,7,2,24.54212057799787
5,76,0,9,3,62.492010057738675
5,57,1,4,5,41.77501345523381
7,72,1,8,6,64.86689951890062
6,54,1,5,6,42.26286482808623
3,94,0,9,4,75.251065265693
8,71,1,5,9,65.8391502253879
8,58,1,9,1,53.02778061424839
1,95,1,8,1,70.10869922345145
3,59,0,7,7,39.28941297669761
9,92,0,7,6,89.81208208465213
5,50,0,9,7,36.83365238701543
8,95,1,4,6,89.1735306224333
2,50,0,6,2,25.840894119040392
9,83,1,6,3,80.23227838401641
9,55,1,6,1,51.3935616568346
2,94,1,5,0,70.31576407319542
1,66,1,8,0,40.44498882478367
9,55,1,7,4,52.45014451591218
6,98,1,6,4,87.0797313357935
6,98,0,7,7,87.51292381538309
2,99,0,4,9,76.01279908321877
7,91,0,7,0,81.92254946554164
2,85,0,8,6,63.14162165733658
6,73,0,9,3,62.30587149988518
9,53,1,6,9,50.891353098977625
1,59,1,5,4,32.648063332264165
3,80,0,4,1,58.03564664112999
2,77,0,7,8,54.911200033813806
8,42,1,6,8,36.65813329324022
3,80,0,4,2,58.22694310531582
5,93,1,8,6,80.48352866968449
1,74,1,7,0,48.092616443637915
6,68,0,5,5,55.67623988381751
5,56,1,4,2,40.18483392700454
5,54,0,6,3,38.68554667339901
9,60,0,5,4,55.94281788174299
2,90,0,9,0,67.55798701710066
2,67,1,6,9,45.08029205424959
3,60,1,5,1,38.81592777370222
9,99,0,8,0,96.26102771575984
4,91,0,9,9,76.02140902876863
4,78,1,7,3,61.31986192636818
6,81,1,4,7,69.41130148889033
5,75,0,7,6,61.08422238158419
3,65,0,5,0,43.0826916083874
9,65,0,5,1,60.45037916754446
3,63,1,4,9,42.912476427684105
3,51,1,4,1,29.186623086136017
2,47,0,9,1,24.048807647399478
7,93,1,6,1,84.2871231140389
4,48,0,7,4,30.39906394091232
3,87,1,8,3,68.08643476477252
2,63,0,4,3,38.27857541391932
9,55,1,6,3,51.77615458520625
7,49,1,6,5,40.33554300122341
2,44,0,9,5,21.765123097127407
7,54,1,5,3,44.55170728469063
8,59,1,5,7,53.26107566895475
2,41,1,8,3,18.474356674708254
6,55,1,9,2,44.44474297309508
9,73,0,6,1,69.06339371943889
6,63,1,4,8,51.30937551098389
1,67,1,4,7,40.86958034367587
6,76,1,4,6,64.13855434634553
2,88,1,4,8,65.2657015061312
3,75,1,6,1,54.5429732752992
6,68,1,6,4,56.591027265639745
9,87,0,4,1,82.32606868580376
3,70,1,5,2,49.170125594605956
3,46,1,4,6,25.061654728706188
8,81,0,7,9,76.34404813565803
7,49,1,6,4,40.14424653703758
6,73,0,7,4,61.531781031030825
7,48,1,9,8,41.341222657669384
1,76,1,7,1,50.31649317916732
9,92,1,5,3,88.89619613854242
7,42,1,5,3,32.35622565662913
6,53,1,5,7,41.43787115660026
7,89,1,9,2,81.86133943509785
1,97,0,5,4,70.64369810830425
2,67,0,8,7,45.03969567943016
1,48,0,7,2,21.428275465055044
4,90,1,4,8,73.0237454757985
6,73,1,8,1,62.0639754844814
1,58,1,6,3,31.92317019892665
3,57,0,7,6,37.06553624116821
1,63,0,9,1,37.446717968986256
7,47,0,7,1,37.39707996016866
7,67,0,9,1,58.68826960664466
8,45,1,7,5,39.61580777421822
4,88,0,9,0,71.25087044408085
7,44,0,5,4,33.95671201267057
7,54,0,5,9,45.07609569031762
3,54,0,8,3,33.92546990811545
3,67,0,7,9,47.802326990443596
3,62,0,4,4,40.31631359159524
4,48,0,7,0,29.633878084169012
8,69,0,4,6,62.12659671547879
9,55,1,4,2,50.619471187980245
3,40,0,7,6,19.788603934747755
9,98,1,9,1,96.5421178902819
9,57,0,5,0,52.1287616179843
9,97,1,9,1,95.5258277546101
7,88,0,8,2,79.73896545341802
2,84,1,8,6,62.74872190115274
4,60,1,4,8,42.53504140564478
8,85,0,5,8,79.25252528111918
2,85,0,7,7,62.850224655002314
7,64,1,4,7,54.997101031631736
3,85,0,8,0,64.85657472138351
4,56,1,5,0,37.42220261599112
3,85,0,8,0,64.85657472138351
5,84,1,5,9,70.46272644163557
4,93,1,7,1,76.18162103307338
8,43,0,5,5,35.99445019034649
6,86,1,4,4,73.9188627746918
9,63,1,8,7,61.63704846036406
2,62,0,8,9,40.34083792944286
8,70,0,8,5,64.88236425304513
7,52,0,8,1,42.9612241050477
3,46,1,9,9,28.049011453864132
1,83,1,6,9,58.47820237583637
9,67,1,6,7,64.73682207001104
9,57,0,8,3,54.15073141010206
5,40,1,4,5,24.498081148813355
6,89,1,7,8,79.18099943801076
5,90,0,5,1,74.40670516269174
7,72,0,4,3,61.73884588077481
1,92,0,8,0,66.2451419727623
6,44,0,6,7,32.150563022586276
9,79,0,6,5,75.92632039021294
9,52,0,9,5,49.93456712663485
7,81,1,8,7,74.20480720413255
4,82,1,8,8,66.82419825650456
3,56,1,7,9,37.24652587754185
7,74,0,9,1,65.8023005563472
3,74,1,4,1,52.56129620658721
2,57,1,7,1,33.86971245056517
6,89,1,7,0,77.65062772452416
1,85,1,5,2,58.68901393135908
6,66,1,4,4,53.593060061255976
9,40,0,5,8,36.38220102505047
2,60,0,4,5,35.6122979352756
5,88,0,6,9,74.38719007135487
4,64,0,9,1,47.05120365214366
9,96,0,8,3,93.78604670130193
4,41,1,8,7,24.965006229775305
2,87,0,9,5,65.46559893101443
5,99,1,9,3,86.49007355767785
6,93,1,8,2,82.58107466210305
5,53,1,6,3,38.29264691721519
4,89,0,7,8,72.83214536019906
9,41,1,6,2,37.35679622161536
6,73,1,6,2,61.28988501562704
3,74,0,7,3,53.76857915503118
6,93,0,6,7,81.94877967050402
8,54,1,5,9,48.562217918967455
9,51,0,9,0,47.961794670033946
3,92,0,7,9,73.20958038223839
2,77,1,8,6,55.6346909514502
4,81,1,7,0,63.79484294082608
2,42,0,9,2,19.158653433226355
1,69,1,5,1,42.2370752964246
6,55,0,5,1,41.699282263340926
3,97,1,9,0,78.15814019545303
1,67,1,7,7,42.317660743236154
3,84,1,5,3,63.58948395819686
7,57,1,5,1,47.21798476333435
6,69,1,6,5,57.798613865497366
3,41,0,8,7,21.478884001125465
5,99,1,7,4,85.71598308882349
7,93,1,7,8,86.10889182985977
6,94,1,9,2,84.08005826429493
2,62,0,4,9,38.41006406336249
6,80,0,8,4,69.12850544725345
8,85,0,6,0,78.20484703415269
3,81,0,9,9,62.99577582288885
5,66,0,7,5,51.746314696352236
8,74,1,8,1,68.80572931847695
5,46,0,5,9,31.220310906619552
3,97,1,6,0,76.71005979589276
6,90,1,6,8,79.71459610716246
5,50,0,5,5,34.520285592563404
5,49,0,7,5,34.4693823899318
6,60,0,6,1,47.26342640821998
3,98,0,8,1,78.25964294930262
5,75,0,8,7,61.758212312290105
3,68,1,5,3,47.328841787448205
4,49,0,4,6,30.34986660539547
4,94,0,5,1,75.60913385621703
4,79,0,5,6,61.3212641420693
8,52,1,6,9,47.012331114143954
3,61,0,8,6,41.61339025037547
4,77,0,7,1,59.297588482836765
7,84,0,7,0,74.8085185158391
1,97,1,9,8,73.96304821061588
2,61,1,5,1,36.96948606021214
2,70,1,4,1,45.633403814738166
5,47,0,4,9,31.75390757577123
4,44,1,6,7,27.048489703750484
2,81,0,4,7,57.336983712754865
2,59,0,8,3,36.144188737312525
9,68,1,4,8,64.97902173682849
5,66,0,6,5,51.26362122983215
1,64,1,6,3,38.02091101295739
3,73,1,5,9,53.558071250922104
3,72,0,7,9,52.88377766880256
2,50,1,7,5,27.52086735760593
3,97,0,4,5,76.07776480429374
7,57,0,8,2,48.233971247592486
3,86,1,4,8,66.09585308394946
7,80,1,9,9,74.0538034633525
7,98,0,4,4,88.3536858724272
9,68,1,7,7,66.23580567220293
5,68,0,9,6,54.93557836492183
5,99,1,6,4,85.2332896223034
3,65,1,4,0,43.22338852135527
8,58,1,5,3,51.47959967653967
6,41,1,9,1,30.025384609504194
5,40,1,8,5,26.428855014893728
2,66,0,9,5,44.123506081906804
4,93,0,4,9,75.64052196751175
8,84,0,9,2,79.01923022641282
1,91,1,9,5,67.29141800402766
9,80,1,5,4,76.89201097466676
6,56,1,8,9,46.317414891547564
4,70,0,8,7,53.81402978476927
1,61,1,7,7,36.21991992920541
9,92,1,4,5,88.79609560039398
4,67,0,9,3,50.4826669875307
9,77,1,9,8,76.53910029047506
3,82,1,5,1,61.17431075848163
7,64,1,4,7,54.997101031631736
8,75,0,4,1,67.26785520858041
7,98,1,7,5,90.61645311566127
3,50,0,7,8,30.334098219837323
8,69,0,9,5,64.34876758389342
4,53,1,9,1,36.495402539241944
5,88,0,5,8,73.71320014064892
5,92,1,7,8,79.36713799586425
6,72,1,4,2,59.30820794691507
1,80,0,5,4,53.36676580188381
4,58,1,9,9,43.107224931087494
9,95,0,5,7,92.08686202281314
4,64,1,8,9,48.72227227859815
8,65,0,4,8,58.444029101163274
5,72,1,8,7,59.332732284762706
9,43,0,6,5,39.33987550602844
8,90,1,6,8,85.44005980548619
5,44,1,9,1,30.21152316735769
1,61,1,4,1,33.624060744530176
8,57,1,7,6,52.00258586646553
3,90,1,8,2,70.94400870760205
8,86,1,5,8,80.89220579627892
8,53,1,4,5,46.29804846003227
8,63,0,5,6,56.51154936796812
1,60,0,6,1,32.9497671624106
6,64,1,6,8,53.291052579695894
1,58,1,8,8,33.84503945289595
2,46,1,7,9,24.22089267166207
4,86,1,7,2,69.25888654755667
8,47,0,5,0,39.10312841210452
1,40,0,9,6,15.028527169464198
5,54,0,8,7,40.41611946318249
8,65,0,7,3,58.93562717979443
2,97,0,5,8,74.27161581420944
1,79,0,4,1,51.29389280713446
9,97,0,6,9,94.9847286890485
3,72,1,8,6,53.41597212225313
6,62,1,8,0,50.69348752790588
1,52,1,6,3,25.82542938489589
5,96,0,7,5,82.23501876650599
3,84,0,9,7,65.66205330153258
2,86,1,7,7,64.48990517016205
7,77,0,5,9,68.4507688107688
5,80,1,6,7,66.49766643709685
9,81,1,5,1,77.33441171778108
2,48,0,7,7,25.247489635146046
3,62,0,6,2,40.89910759626377
5,65,0,4,9,50.04713001786347
6,69,0,9,5,58.623303885569676
8,85,0,9,7,80.99200268301374
5,58,0,9,5,44.58138054401811
5,65,0,9,6,51.88670795790646
3,81,1,9,3,62.47138741726186
1,62,1,8,6,37.52760706721147
5,88,0,4,4,72.46532081738553
5,67,1,5,0,51.464125957542684
4,40,1,7,5,23.08342969921177
6,77,1,6,6,66.12023141505753
4,48,0,8,2,30.49916447906076
7,99,1,6,2,90.5761603922555
1,44,0,8,7,18.802290709817093
5,98,0,6,6,83.97620203551529
9,64,0,5,5,60.19927488861597
5,81,0,5,7,66.40787272676056
8,97,0,6,0,90.40032866221418
4,64,1,7,2,46.90050356277728
4,48,1,5,8,30.822253244103386
5,54,1,5,9,39.97402237148183
9,84,0,4,3,79.65979120716005
4,59,1,4,4,40.75356541322969
6,47,1,6,4,35.24893441653213
5,96,1,6,8,82.94960507203135
9,84,0,9,9,83.22103732487545
4,72,0,6,7,54.88122312307268
2,72,0,8,2,49.164664036859996
4,85,1,6,8,68.90768173047977
2,95,1,5,7,72.671129458168
5,93,0,8,5,79.66884182601069
4,91,1,4,3,73.08355329054118
8,46,0,9,2,40.40020507088476
8,93,0,8,3,87.87444444512465
6,79,0,9,6,68.97750170647342
9,60,0,7,4,56.90820481478317
5,56,0,8,5,42.06610680615443
1,86,0,6,6,60.329793010806306
9,57,0,6,3,53.18534447706187
2,63,1,6,9,41.01513151156242
9,63,1,4,9,60.08886752265534
7,86,1,8,6,79.09496141830567
8,58,1,6,7,52.72747899980306
6,81,0,7,3,69.47080565221933
6,99,1,5,2,87.23073507657352
9,44,1,4,4,39.82287262396219
8,56,0,5,4,49.01492548989395
5,89,0,7,0,74.16450549587432
7,78,0,6,5,69.18456655621739
2,85,1,8,5,63.57371557263871
7,47,0,7,9,38.92745167365526
2,40,0,9,8,18.273851946997716
6,41,0,9,3,29.784587158387886
8,43,0,5,9,36.75963604708979
6,87,1,5,3,75.22654991269786
7,42,1,9,8,35.24348184363863
3,45,1,9,2,25.69364606889156
3,60,1,8,1,40.2640081732625
5,99,1,9,3,86.49007355767785
4,67,0,6,8,49.99106890889956
3,93,0,5,6,72.6865941923125
4,77,0,4,5,58.6146939400198
6,82,0,5,9,70.6694876399659
6,75,0,4,6,62.49887383118578
6,79,0,5,1,66.0902455194639
9,78,1,4,1,73.8028478442456
1,65,0,8,1,38.99660477380976
6,64,1,4,4,51.560479789912385
5,56,0,8,0,41.109624485225304
8,76,1,5,1,69.39022919026024
2,61,1,7,7,39.082651778367286
3,61,0,6,1,39.69152099640616
7,53,1,5,1,43.15282422064718
4,65,1,8,7,49.35596948589829
5,61,1,9,4,48.062344866335614
1,69,0,8,8,44.4008405657977
3,55,0,5,7,34.258865500970266
9,77,0,4,0,71.97187086490004
8,45,1,4,0,37.21124505372881
8,43,1,7,0,36.6267451819455
8,45,1,7,5,39.61580777421822
9,65,0,7,4,61.98965549314213
8,50,0,7,9,44.83905392983251
3,80,0,6,1,59.00103357417019
1,48,0,8,3,22.10226539576096
5,90,1,4,8,75.8864773249604
1,57,1,6,1,30.524287134883203
5,56,1,7,6,42.398100183308124
6,40,0,5,2,26.646226692449893
5,76,0,5,2,60.36993972747248
9,87,1,5,9,84.96252424529843
8,95,0,9,6,90.96360757554581
4,95,1,5,8,78.58788962067757
1,65,0,9,0,39.28800177614402
3,96,0,8,7,77.37484146307398
8,96,1,4,1,89.23333843717597
4,69,1,4,1,50.342577377390135
6,49,0,5,5,36.366727306053484
9,78,0,7,1,74.62753786431793
8,46,1,7,7,41.014690838261664
7,74,1,5,7,65.64269585486974
5,59,1,8,9,46.50355344940106
6,65,1,4,1,52.002880533026705
6,65,1,6,5,53.73345332281021
8,82,1,6,5,76.7358493275544
7,74,0,9,2,65.99359702053303
6,74,0,6,6,62.44797062855418
8,72,1,7,2,66.4817520447991
3,72,1,4,1,50.52871593524363
5,51,1,5,1,35.394780250979856
4,65,1,7,7,48.8732760193782
2,53,1,5,9,30.369536688324423
9,89,0,9,3,87.15470921811948
4,98,1,9,7,83.37623742958749
2,85,0,6,3,61.602345331738924
5,82,0,9,5,68.97234380014109
3,85,0,7,6,65.52166003997837
2,98,0,7,1,74.91421763362064
2,94,1,8,9,73.48551265042812
5,74,0,9,4,60.650726250580924
1,98,1,9,3,74.02285602535855
9,78,0,8,9,76.64060304432462
9,88,0,8,2,85.46442915174177
4,80,1,9,1,63.93523620238029
4,77,0,9,2,60.45427188006277
9,70,0,9,9,68.99297542547038
2,98,0,7,9,76.44458934710724
8,87,1,4,9,81.61709892961645
1,48,1,8,5,23.108248703620568
3,46,0,5,8,25.30355074410997
9,52,0,9,7,50.317160055006504
1,49,1,4,2,21.619875580654508
